"Lót chuột Steelseries Qck Heavy - Medium đến Large","Steelseries","395000","denmark","","[https://cdn.shopify.com/s/files/1/0636/9044/0949/files/lot-chu-t-steelseries-qck-heavy-medium-d-n-large-38993809572085.jpg?v=1682666472&width=1000, https://cdn.shopify.com/s/files/1/0636/9044/0949/files/lot-chu-t-steelseries-qck-heavy-medium-d-n-large-38993809670389.jpg?v=1682666635&width=1000]","Đế poron vừa chống trượt hoàn hảo, vừa tạo độ mềm vừa phải giúp tăng stopping power (khả năng dừng chuột tức thời) sau mỗi cú flick chuột.","Bề mặt vải Polyester cao cấp","Được thiết kế tập trung vào độ control, dừng chuột và tracking. Mặt vải mềm trung tính phù hợp và dễ làm quen trong nhiều nhu cầu sử dụng.","{Loại bề mặt=Control, Tương thích sạc không dây=Poron, Chất liệu đế=Poron}","{Control=Loại bề mặt, CẢM BIẾN HERO 25K=Độ chính xác tiên tiến, Poron=Chất liệu đế}"
"Lót chuột Steelseries Qck Edge - Medium đến XL","Steelseries","380000","denmark","","[https://cdn.shopify.com/s/files/1/0636/9044/0949/files/lot-chu-t-steelseries-qck-edge-medium-d-n-xl-38993813602549.jpg?v=1682666467&width=1000, https://cdn.shopify.com/s/files/1/0636/9044/0949/files/lot-chu-t-steelseries-qck-edge-medium-d-n-xl-38993813635317.jpg?v=1682666469&width=1000, https://cdn.shopify.com/s/files/1/0636/9044/0949/products/lot-chu-t-steelseries-qck-edge-medium-d-n-xl-37109276737781.jpg?v=1677162794&width=1050]","Đế poron vừa chống trượt hoàn hảo, vừa tạo độ mềm vừa phải giúp tăng stopping power (khả năng dừng chuột tức thời) sau mỗi cú flick chuột.","Bề mặt vải Polyester cao cấp","Được thiết kế tập trung vào độ control, dừng chuột và tracking. Mặt vải mềm trung tính phù hợp và dễ làm quen trong nhiều nhu cầu sử dụng.","{Loại bề mặt=Control, Tương thích sạc không dây=Poron, Chất liệu đế=Poron}","{Control=Loại bề mặt, CẢM BIẾN HERO 25K=Độ chính xác tiên tiến, Poron=Chất liệu đế}"
"Lót chuột Razer Strider Hybrid Mat - Large đến XXL","Razer","740000","korea","","[https://cdn.shopify.com/s/files/1/0636/9044/0949/files/lot-chu-t-razer-strider-hybrid-mat-large-d-n-xxl-38993815175413.jpg?v=1682666460&width=1200, https://cdn.shopify.com/s/files/1/0636/9044/0949/files/lot-chu-t-razer-strider-hybrid-mat-large-d-n-xxl-38993815273717.jpg?v=1682666463&width=1200]","Đế poron vừa chống trượt hoàn hảo, vừa tạo độ mềm vừa phải giúp tăng stopping power (khả năng dừng chuột tức thời) sau mỗi cú flick chuột.","Bề mặt vải Polyester cao cấp","Được thiết kế tập trung vào độ control, dừng chuột và tracking. Mặt vải mềm trung tính phù hợp và dễ làm quen trong nhiều nhu cầu sử dụng.","{Loại bề mặt=Control, Tương thích sạc không dây=Poron, Chất liệu đế=Poron}","{Control=Loại bề mặt, CẢM BIẾN HERO 25K=Độ chính xác tiên tiến, Poron=Chất liệu đế}"
"Lót chuột Ninjutso NPC - Control","Ninjutso","1320000","korea","","[https://cdn.shopify.com/s/files/1/0636/9044/0949/files/lot-chu-t-d-soft-ninjutso-npc-control-39072273858805.jpg?v=1682838355&width=1152, https://cdn.shopify.com/s/files/1/0636/9044/0949/files/lot-chu-t-d-soft-ninjutso-npc-control-39072273989877.jpg?v=1682838363&width=2048, https://cdn.shopify.com/s/files/1/0636/9044/0949/files/lot-chu-t-d-soft-ninjutso-npc-control-39072273891573.jpg?v=1682838358&width=2048, https://cdn.shopify.com/s/files/1/0636/9044/0949/files/lot-chu-t-d-soft-ninjutso-npc-control-39072273957109.jpg?v=1682838361&width=2048]","Đế poron vừa chống trượt hoàn hảo, vừa tạo độ mềm vừa phải giúp tăng stopping power (khả năng dừng chuột tức thời) sau mỗi cú flick chuột.","Bề mặt vải Polyester cao cấp","Được thiết kế tập trung vào độ control, dừng chuột và tracking. Mặt vải mềm trung tính phù hợp và dễ làm quen trong nhiều nhu cầu sử dụng.","{Loại bề mặt=Control, Tương thích sạc không dây=Poron, Chất liệu đế=Poron}","{Control=Loại bề mặt, CẢM BIẾN HERO 25K=Độ chính xác tiên tiến, Poron=Chất liệu đế}"
"Lót chuột Steelseries Qck Edge - Medium đến XL","Steelseries","380000","denmark","","[https://cdn.shopify.com/s/files/1/0636/9044/0949/files/lot-chu-t-steelseries-qck-edge-medium-d-n-xl-38993813602549.jpg?v=1682666467&width=1000, https://cdn.shopify.com/s/files/1/0636/9044/0949/files/lot-chu-t-steelseries-qck-edge-medium-d-n-xl-38993813635317.jpg?v=1682666469&width=1000, https://cdn.shopify.com/s/files/1/0636/9044/0949/products/lot-chu-t-steelseries-qck-edge-medium-d-n-xl-37109276737781.jpg?v=1677162794&width=1050]","Đế poron vừa chống trượt hoàn hảo, vừa tạo độ mềm vừa phải giúp tăng stopping power (khả năng dừng chuột tức thời) sau mỗi cú flick chuột.","Bề mặt vải Polyester cao cấp","Được thiết kế tập trung vào độ control, dừng chuột và tracking. Mặt vải mềm trung tính phù hợp và dễ làm quen trong nhiều nhu cầu sử dụng.","{Loại bề mặt=Control, Tương thích sạc không dây=Poron, Chất liệu đế=Poron}","{Control=Loại bề mặt, CẢM BIẾN HERO 25K=Độ chính xác tiên tiến, Poron=Chất liệu đế}"
"Lót chuột Pulsar ParaBrake V2 (Slow Speed) - XL đến XXL","Pulsar","847000","denmark","","[https://cdn.shopify.com/s/files/1/0636/9044/0949/products/lot-chu-t-pulsar-parabrake-v2-slow-speed-xl-d-n-xxl-37252535976181.jpg?v=1677165313&width=1600, https://cdn.shopify.com/s/files/1/0636/9044/0949/products/lot-chu-t-pulsar-parabrake-v2-slow-speed-xl-d-n-xxl-37252536434933.jpg?v=1677165316&width=1600, https://cdn.shopify.com/s/files/1/0636/9044/0949/products/lot-chu-t-pulsar-parabrake-v2-slow-speed-xl-d-n-xxl-37252536238325.jpg?v=1677165319&width=1600, https://cdn.shopify.com/s/files/1/0636/9044/0949/products/lot-chu-t-pulsar-parabrake-v2-slow-speed-xl-d-n-xxl-37252536402165.jpg?v=1677165323&width=1600, https://cdn.shopify.com/s/files/1/0636/9044/0949/products/lot-chu-t-pulsar-parabrake-v2-slow-speed-xl-d-n-xxl-37252536008949.jpg?v=1677165489&width=1600, https://cdn.shopify.com/s/files/1/0636/9044/0949/products/lot-chu-t-pulsar-parabrake-v2-slow-speed-xl-d-n-xxl-37252536533237.jpg?v=1677165131&width=1600, https://cdn.shopify.com/s/files/1/0636/9044/0949/products/lot-chu-t-pulsar-parabrake-v2-slow-speed-xl-d-n-xxl-37252535943413.jpg?v=1677165135&width=1600, https://cdn.shopify.com/s/files/1/0636/9044/0949/products/lot-chu-t-pulsar-parabrake-v2-slow-speed-xl-d-n-xxl-37252538990837.jpg?v=1677165138&width=1600]","Đế poron vừa chống trượt hoàn hảo, vừa tạo độ mềm vừa phải giúp tăng stopping power (khả năng dừng chuột tức thời) sau mỗi cú flick chuột.","Lướt và dừng, chậm mà chắc","Là mẫu lót chuột có bề mặt mịn nhất trong gia đình lót chuột Pulsar, ParaBrake V2 là lựa chọn phù hợp cho những bạn đang sử dụng feet chuột Superglide hoặc các mẫu chuột gaming siêu nhẹ. Hay đơn giản, bạn muốn một lót chuột cho cảm giác di chuyển êm ái nhất có thể.","{Tương thích feet=Feet mềm (PTFE) Feet cứng (thủy tinh  sapphire), Chất liệu bề mặt=Vải ultrafine woven microfiber (Chống nước), Chất liệu đế=Cao su thiên nhiên dày 4mm chống trượt, Kích thước=XL: 460mm x 410mm x 4mm XXL: 900mm x 400mm x 4mm, Thương hiệu=Pulsar  Designed in Korea}","{May viền=Chống bong tróc mặt lót chuột, Slow=Tốc độ chậm đến trung bình, Cao su=Vật liệu đế chống trượt}"
"Lót chuột kính SkyPAD Glass 3.0 (White - Cloud Logo)","SkyPAD","2387000","denmark","","[https://cdn.shopify.com/s/files/1/0636/9044/0949/products/lot-chu-t-kinh-skypad-glass-3-0-white-cloud-logo-38157008011509.jpg?v=1677167656&width=1600, https://cdn.shopify.com/s/files/1/0636/9044/0949/products/lot-chu-t-kinh-skypad-glass-3-0-white-cloud-logo-38157007978741.jpg?v=1677167658&width=1600, https://cdn.shopify.com/s/files/1/0636/9044/0949/products/lot-chu-t-kinh-skypad-glass-3-0-white-cloud-logo-38157007945973.jpg?v=1677167661&width=1600, https://cdn.shopify.com/s/files/1/0636/9044/0949/products/lot-chu-t-kinh-skypad-glass-3-0-white-cloud-logo-38157008044277.jpg?v=1677168006&width=1600, https://cdn.shopify.com/s/files/1/0636/9044/0949/products/hqdefault_f09f60cd-647d-4cf9-8e94-72f2619d300f.jpg?v=1678761941&width=480]","Đế poron vừa chống trượt hoàn hảo, vừa tạo độ mềm vừa phải giúp tăng stopping power (khả năng dừng chuột tức thời) sau mỗi cú flick chuột.","SkyPAD - Lót chuột cứng tốt nhất phải làm từ kính cường lực","Đến từ vùng Scandinavian Đan Mạch, SkyPAD là dòng lót chuột được làm từ kính cường lực với bề mặt được ""đốt"" vân control nhằm đảm bảo cả hai tiêu chí: Tốc độ nhưng vẫn có sự kiểm soát khi di chuột. Có thể sử dụng cả chuột quang (optical) và laser. Không bị ẩm, không thấm hút mồ hôi tay. Không bắt bụi. Không bao giờ mài mòn, mất vân. Tốc độ di chuột nhanh hơn bất kỳ dòng lót chuột nào. Vệ sinh nhanh hơn bất kỳ loại lót chuột nào: nước lau kính + khăn khô. Bất tử, gần như không thể bị mòn trong quá trình sử dụng. Lưu ý: Không nên sử dụng feet chuột thủy tinh trên lót chuột kính.","{Tương thích feet=Feet mềm (PTFE), Chất liệu bề mặt=Kính cường lực, Chất liệu đế=Cao su chống trượt, Kích thước=30 x 35 x 0.36cm, Thương hiệu=SkyPAD  Designed in Denmark}","{Siêu bền=Không mòn, không cần thay thế, 30 giây=Vệ sinh lót chuột trong chớp mắt, Thủy tinh=Kính cường lực siêu bền}"
"Lót chuột Pulsar ParaSpeed V2 (High Speed) - XL đến XXL","Pulsar","605000","USA","","[https://cdn.shopify.com/s/files/1/0636/9044/0949/products/lot-chu-t-pulsar-paraspeed-v2-high-speed-xl-d-n-xxl-37248462586101.jpg?v=1677146055&width=1600, https://cdn.shopify.com/s/files/1/0636/9044/0949/products/lot-chu-t-pulsar-paraspeed-v2-high-speed-xl-d-n-xxl-37248464322805.jpg?v=1677146058&width=1600, https://cdn.shopify.com/s/files/1/0636/9044/0949/products/lot-chu-t-pulsar-paraspeed-v2-high-speed-xl-d-n-xxl-37248462520565.jpg?v=1677146062&width=1600, https://cdn.shopify.com/s/files/1/0636/9044/0949/products/lot-chu-t-pulsar-paraspeed-v2-high-speed-xl-d-n-xxl-37248464290037.jpg?v=1677146229&width=1600, https://cdn.shopify.com/s/files/1/0636/9044/0949/products/lot-chu-t-pulsar-paraspeed-v2-high-speed-xl-d-n-xxl-37248462815477.jpg?v=1677146236&width=1600, https://cdn.shopify.com/s/files/1/0636/9044/0949/products/lot-chu-t-pulsar-paraspeed-v2-high-speed-xl-d-n-xxl-37248464486645.jpg?v=1677146233&width=1600, https://cdn.shopify.com/s/files/1/0636/9044/0949/products/lot-chu-t-pulsar-paraspeed-v2-high-speed-xl-d-n-xxl-37248462487797.jpg?v=1677163877&width=1600, https://cdn.shopify.com/s/files/1/0636/9044/0949/products/lot-chu-t-pulsar-paraspeed-v2-high-speed-xl-d-n-xxl-37248473301237.jpg?v=1677163696&width=1600]","Đế poron vừa chống trượt hoàn hảo, vừa tạo độ mềm vừa phải giúp tăng stopping power (khả năng dừng chuột tức thời) sau mỗi cú flick chuột.","Siêu bền - Siêu nhanh","Được làm từ vải sợi Cordura nổi tiếng siêu bền, Pulsar ParaSpeed V2 là lót chuột nhanh nhất, bền nhất của Pulsar. Đi cùng khả năng chống nước, ParaSpeed V2 bền hơn các loại lót chuột khác trong điều kiện môi trường nhiều bụi bẩn và độ ẩm cao. Tuy có khả năng chống chịu bụi bẩn cao từ loại vải Cordura, bạn vẫn nên vệ sinh lót chuột định kỳ nhằm giúp lót chuột có độ mượt cao nhất khi lướt chuột.","{Tương thích feet=Feet mềm (PTFE) Feet cứng (thủy tinh  sapphire), Chất liệu bề mặt=Vải Cordura siêu bền và chống nước., Chất liệu đế=Cao su thiên nhiên dày 3mm chống trượt, Kích thước=XL: 460mm x 410mm x 3mm XXL: 900mm x 400mm x 3mm, Thương hiệu=Pulsar  Designed in Korea}","{May viền=Chống bong tróc mặt lót chuột, Cordura=Bề mặt vải siêu bền, siêu nhanh, Cao su=Vật liệu đế chống trượt}"
"Lót chuột Lethal Gaming Gear Saturn","Lethal Gaming Gear","715000","korea","","[https://cdn.shopify.com/s/files/1/0636/9044/0949/products/lot-chu-t-lethal-gaming-gear-saturn-38877611163893.jpg?v=1677133100&width=1100, https://cdn.shopify.com/s/files/1/0636/9044/0949/products/lot-chu-t-lethal-gaming-gear-saturn-38288616915189.jpg?v=1677166922&width=521, https://cdn.shopify.com/s/files/1/0636/9044/0949/products/lot-chu-t-lethal-gaming-gear-saturn-38288616980725.jpg?v=1677166925&width=670, https://cdn.shopify.com/s/files/1/0636/9044/0949/products/lot-chu-t-lethal-gaming-gear-saturn-38877605986549.jpg?v=1677128582&width=1100, https://cdn.shopify.com/s/files/1/0636/9044/0949/products/lot-chu-t-lethal-gaming-gear-saturn-38877610541301.jpg?v=1677133095&width=486, https://cdn.shopify.com/s/files/1/0636/9044/0949/products/lot-chu-t-lethal-gaming-gear-saturn-38877610508533.jpg?v=1677133097&width=498, https://cdn.shopify.com/s/files/1/0636/9044/0949/products/lot-chu-t-lethal-gaming-gear-saturn-38630163316981.jpg?v=1677166928&width=1600, https://cdn.shopify.com/s/files/1/0636/9044/0949/products/lot-chu-t-lethal-gaming-gear-saturn-38359253450997.jpg?v=1677166742&width=800, https://cdn.shopify.com/s/files/1/0636/9044/0949/products/lot-chu-t-lethal-gaming-gear-saturn-38288618717429.jpg?v=1677166745&width=1200]","Đế poron vừa chống trượt hoàn hảo, vừa tạo độ mềm vừa phải giúp tăng stopping power (khả năng dừng chuột tức thời) sau mỗi cú flick chuột.","Bề mặt vải Polyester cao cấp","Được làm từ vải Polyester chất lượng cao và bằng cách tối ưu hóa mật độ, độ cứng và cách dệt vải giúp lót chuột LGG có nhiều loại bề mặt khác nhau. Nhờ đó, lót chuột LGG phù hợp với từng nhu cầu riêng biệt của bạn như tốc độ cao hay cần sự kiểm soát tuyệt vời. Tất cả đều có trong danh mục sản phẩm của LGG.","{Tương thích feet=Feet mềm (PTFE) Feet cứng (thủy tinh  sapphire), Chất liệu bề mặt=Vải Polyester, Chất liệu đế=Cao su thiên nhiên, Kích thước=XL: 490 x 410 x 4mm / 19.3 x 16.1 x 0.16in XL Square: 500 x 500 x 4mm / 19.7 x 19.7 x 0.16in XXL: 1000 x 500 x 4mm / 39.4 x 19.7 x 0.16in, Thương hiệu=Designed by Lethal Gaming Gear USA Made in Taiwan}","{Control=Loại bề mặt, USA=Thương hiệu Mỹ, Cao su=Chất liệu đế}"
"Lót chuột Glorious Elements FIRE Mouse Pad - XL","Glorious","946000","korea","","[https://cdn.shopify.com/s/files/1/0636/9044/0949/products/lot-chu-t-glorious-elements-air-mouse-pad-xl-37010435834101.png?v=1677169275&width=700]","Đế poron vừa chống trượt hoàn hảo, vừa tạo độ mềm vừa phải giúp tăng stopping power (khả năng dừng chuột tức thời) sau mỗi cú flick chuột.","Bề mặt vải Polyester cao cấp","Được thiết kế tập trung vào độ control, dừng chuột và tracking. Mặt vải mềm trung tính phù hợp và dễ làm quen trong nhiều nhu cầu sử dụng.","{Loại bề mặt=Control, Tương thích sạc không dây=Poron, Chất liệu đế=Poron}","{Control=Loại bề mặt, CẢM BIẾN HERO 25K=Độ chính xác tiên tiến, Poron=Chất liệu đế}"
"Lót chuột Pulsar ParaControl V2 (Medium Speed) - S đến XXL (Size mới)","Pulsar","220000","denmark","","[https://cdn.shopify.com/s/files/1/0636/9044/0949/products/lot-chu-t-pulsar-paracontrol-v2-medium-speed-s-d-n-xxl-size-m-i-38123640226037.jpg?v=1677165123&width=1600, https://cdn.shopify.com/s/files/1/0636/9044/0949/products/lot-chu-t-pulsar-paracontrol-v2-medium-speed-s-d-n-xxl-size-m-i-38123641307381.jpg?v=1677165127&width=1600, https://cdn.shopify.com/s/files/1/0636/9044/0949/products/lot-chu-t-pulsar-paracontrol-v2-medium-speed-s-d-n-xxl-size-m-i-38123641274613.jpg?v=1677165129&width=1600, https://cdn.shopify.com/s/files/1/0636/9044/0949/products/lot-chu-t-pulsar-paracontrol-v2-medium-speed-s-d-n-xxl-size-m-i-38123641340149.jpg?v=1677164944&width=1600, https://cdn.shopify.com/s/files/1/0636/9044/0949/products/lot-chu-t-pulsar-paracontrol-v2-medium-speed-s-d-n-xxl-size-m-i-38123641405685.jpg?v=1677164582&width=1600, https://cdn.shopify.com/s/files/1/0636/9044/0949/products/lot-chu-t-pulsar-paracontrol-v2-medium-speed-s-d-n-xxl-size-m-i-38123613683957.jpg?v=1677164586&width=1600, https://cdn.shopify.com/s/files/1/0636/9044/0949/products/lot-chu-t-pulsar-paracontrol-v2-medium-speed-s-d-n-xxl-size-m-i-38123612504309.jpg?v=1677164588&width=1600, https://cdn.shopify.com/s/files/1/0636/9044/0949/products/lot-chu-t-pulsar-paracontrol-v2-medium-speed-s-d-n-xxl-size-m-i-38123614699765.jpg?v=1677164591&width=1600, https://cdn.shopify.com/s/files/1/0636/9044/0949/products/lot-chu-t-pulsar-paracontrol-v2-medium-speed-s-d-n-xxl-size-m-i-38123616305397.jpg?v=1677164594&width=1600, https://cdn.shopify.com/s/files/1/0636/9044/0949/products/lot-chu-t-pulsar-paracontrol-v2-medium-speed-s-d-n-xxl-size-m-i-38123618205941.jpg?v=1677164597&width=1600, https://cdn.shopify.com/s/files/1/0636/9044/0949/products/lot-chu-t-pulsar-paracontrol-v2-medium-speed-s-d-n-xxl-size-m-i-38123620040949.jpg?v=1677164601&width=1600, https://cdn.shopify.com/s/files/1/0636/9044/0949/products/lot-chu-t-pulsar-paracontrol-v2-medium-speed-s-d-n-xxl-size-m-i-38123621122293.jpg?v=1677164766&width=1600, https://cdn.shopify.com/s/files/1/0636/9044/0949/products/lot-chu-t-pulsar-paracontrol-v2-medium-speed-s-d-n-xxl-size-m-i-38123622433013.jpg?v=1677164765&width=1600, https://cdn.shopify.com/s/files/1/0636/9044/0949/products/lot-chu-t-pulsar-paracontrol-v2-medium-speed-s-d-n-xxl-size-m-i-38123632001269.jpg?v=1677164768&width=1600, https://cdn.shopify.com/s/files/1/0636/9044/0949/products/lot-chu-t-pulsar-paracontrol-v2-medium-speed-s-d-n-xxl-size-m-i-38123634524405.jpg?v=1677164772&width=1600]","Đế poron vừa chống trượt hoàn hảo, vừa tạo độ mềm vừa phải giúp tăng stopping power (khả năng dừng chuột tức thời) sau mỗi cú flick chuột.","Control, chuẩn xác","Cân bằng giữa tốc độ và kiểm soát chuột, Pulsar ParaControl V2 là mẫu lót chuột hiếm hoi sở hữu bề mặt control nhưng vẫn giữ được tốc độ lướt tốt và dễ dàng dừng chuột khi cần. Trong ba loại lót chuột của Pulsar, đây là loại lót chuột trung hòa giữa tốc độ và sự kiểm soát, thích hợp với những bạn cần tìm một lót chuột an toàn, dễ làm quen để bắt đầu try hard các tựa game cũng như cần độ chính xác cao khi làm việc.","{Tương thích feet=Feet mềm (PTFE) Feet cứng (thủy tinh  sapphire), Chất liệu bề mặt=Vải không dệt hoa văn control, Chất liệu đế=Cao su thiên nhiên dày 2-4mm chống trượt, Kích thước=S: 260 x 210 x 2mm M: 330 x 260 x 4mm L: 420 x 330 x 4mm XL: 490 x 420 x 4mm XXL: 900 x 400 x 4mm, Thương hiệu=Pulsar  Designed in Korea}","{Control=Tốc độ trung bình đến nhanh, May viền=Chống bong tróc mặt lót chuột, Cao su=Vật liệu đế chống trượt}"
"Lót chuột Lamzu Energon","Lamzu","990000","korea","","[https://cdn.shopify.com/s/files/1/0636/9044/0949/products/lot-chu-t-lamzu-energon-38971752743157.jpg?v=1679048640&width=1600, https://cdn.shopify.com/s/files/1/0636/9044/0949/products/lot-chu-t-lamzu-energon-38971621212405.jpg?v=1679048399&width=1080, https://cdn.shopify.com/s/files/1/0636/9044/0949/products/lot-chu-t-lamzu-energon-38971621310709.jpg?v=1679048399&width=1600, https://cdn.shopify.com/s/files/1/0636/9044/0949/products/lot-chu-t-lamzu-energon-38971621277941.jpg?v=1679048399&width=1600, https://cdn.shopify.com/s/files/1/0636/9044/0949/products/lot-chu-t-lamzu-energon-38971621245173.jpg?v=1679048399&width=1600, https://cdn.shopify.com/s/files/1/0636/9044/0949/products/hqdefault_40b9fd84-77be-4d20-beed-3ab3166023ee.jpg?v=1681717411&width=480]","Đế poron vừa chống trượt hoàn hảo, vừa tạo độ mềm vừa phải giúp tăng stopping power (khả năng dừng chuột tức thời) sau mỗi cú flick chuột.","Một lần nữa, Lamzu phá bỏ mọi định luật về sản phẩm tốt trên mức giá tốt bất ngờ","Không là ngoại lệ với các sản phẩm Lamzu từ trước đến nay, Lamzu Energon là mẫu lót chuột mới nhất của hãng sẵn sàng thổi tung mọi đối thủ với chất lượng tuyệt vời nhưng mức giá chỉ dưới 1 triệu đồng. Bằng việc ứng dụng nhiều vật liệu mới, Lamzu Energon mang đến tốc độ lướt chuột siêu nhanh nhưng không hề nhám như các loại lót chuột hybrid khác. Phần cánh tay của bạn sẽ được nâng niu, chăm sóc một cách dễ chịu với mặt vải mới không gây kích ứng da từ Lamzu.","{Tương thích feet=Feet mềm (PTFE) Feet cứng (thủy tinh  sapphire), Chất liệu bề mặt=Cloth - Được mix giữa sợi Nylon và Lycra, Chất liệu đế=Soft SCR siêu bám bàn, Kích thước=480 x 410 x 4mm, Thương hiệu=Designed by Lamzu}","{Speed=Vải mix giữa sợi Lycra và Nylon, SCR=Đế siêu bám, siêu mềm, Cloth=Mặt vải mịn không nhám tay}"
"Lót chuột kính SkyPAD Glass 3.0 (Black - Cloud Logo)","SkyPAD","2387000","USA","","[https://cdn.shopify.com/s/files/1/0636/9044/0949/products/lot-chu-t-kinh-skypad-glass-3-0-black-cloud-logo-38156992774389.jpg?v=1677167646&width=1600, https://cdn.shopify.com/s/files/1/0636/9044/0949/products/lot-chu-t-kinh-skypad-glass-3-0-black-cloud-logo-38156992807157.jpg?v=1677167649&width=1600, https://cdn.shopify.com/s/files/1/0636/9044/0949/products/lot-chu-t-kinh-skypad-glass-3-0-black-cloud-logo-38156992839925.jpg?v=1677167652&width=1600, https://cdn.shopify.com/s/files/1/0636/9044/0949/products/hqdefault_e289e3d0-4bfa-465c-8b25-b379b0ec6563.jpg?v=1678761939&width=480]","Đế poron vừa chống trượt hoàn hảo, vừa tạo độ mềm vừa phải giúp tăng stopping power (khả năng dừng chuột tức thời) sau mỗi cú flick chuột.","SkyPAD - Lót chuột cứng tốt nhất phải làm từ kính cường lực","Đến từ vùng Scandinavian Đan Mạch, SkyPAD là dòng lót chuột được làm từ kính cường lực với bề mặt được ""đốt"" vân control nhằm đảm bảo cả hai tiêu chí: Tốc độ nhưng vẫn có sự kiểm soát khi di chuột. Có thể sử dụng cả chuột quang (optical) và laser. Không bị ẩm, không thấm hút mồ hôi tay. Không bắt bụi. Không bao giờ mài mòn, mất vân. Tốc độ di chuột nhanh hơn bất kỳ dòng lót chuột nào. Vệ sinh nhanh hơn bất kỳ loại lót chuột nào: nước lau kính + khăn khô. Bất tử, gần như không thể bị mòn trong quá trình sử dụng. Lưu ý: Không nên sử dụng feet chuột thủy tinh trên lót chuột kính.","{Tương thích feet=Feet mềm (PTFE), Chất liệu bề mặt=Kính cường lực, Chất liệu đế=Cao su chống trượt, Kích thước=30 x 35 x 0.36cm, Thương hiệu=SkyPAD  Designed in Denmark}","{Siêu bền=Không mòn, không cần thay thế, 30 giây=Vệ sinh lót chuột trong chớp mắt, Thủy tinh=Kính cường lực siêu bền}"
"Lót chuột kính SkyPAD Glass 3.0 - XL (White - Text Logo)","SkyPAD","2882000","denmark","","[https://cdn.shopify.com/s/files/1/0636/9044/0949/products/lot-chu-t-kinh-skypad-glass-3-0-xl-white-text-logo-38157183615221.jpg?v=1677167120&width=1600, https://cdn.shopify.com/s/files/1/0636/9044/0949/products/lot-chu-t-kinh-skypad-glass-3-0-xl-white-text-logo-38157183647989.jpg?v=1677167313&width=1600, https://cdn.shopify.com/s/files/1/0636/9044/0949/products/lot-chu-t-kinh-skypad-glass-3-0-xl-white-text-logo-38157183942901.jpg?v=1677167316&width=1600, https://cdn.shopify.com/s/files/1/0636/9044/0949/products/lot-chu-t-kinh-skypad-glass-3-0-xl-white-text-logo-38157183680757.jpg?v=1677167319&width=1600, https://cdn.shopify.com/s/files/1/0636/9044/0949/products/hqdefault_e4a24870-8675-48e4-9d0c-3b6278026779.jpg?v=1678761951&width=480]","Đế poron vừa chống trượt hoàn hảo, vừa tạo độ mềm vừa phải giúp tăng stopping power (khả năng dừng chuột tức thời) sau mỗi cú flick chuột.","SkyPAD - Lót chuột cứng tốt nhất phải làm từ kính cường lực","Đến từ vùng Scandinavian Đan Mạch, SkyPAD là dòng lót chuột được làm từ kính cường lực với bề mặt được ""đốt"" vân control nhằm đảm bảo cả hai tiêu chí: Tốc độ nhưng vẫn có sự kiểm soát khi di chuột. Có thể sử dụng cả chuột quang (optical) và laser. Không bị ẩm, không thấm hút mồ hôi tay. Không bắt bụi. Không bao giờ mài mòn, mất vân. Tốc độ di chuột nhanh hơn bất kỳ dòng lót chuột nào. Vệ sinh nhanh hơn bất kỳ loại lót chuột nào: nước lau kính + khăn khô. Bất tử, gần như không thể bị mòn trong quá trình sử dụng. Lưu ý: Không nên sử dụng feet chuột thủy tinh trên lót chuột kính.","{Tương thích feet=Feet mềm (PTFE), Chất liệu bề mặt=Kính cường lực, Chất liệu đế=Cao su chống trượt, Kích thước=40 x 50 x 0.36cm, Thương hiệu=SkyPAD  Designed in Denmark}","{Siêu bền=Không mòn, không cần thay thế, 30 giây=Vệ sinh lót chuột trong chớp mắt, Thủy tinh=Kính cường lực siêu bền}"
"Lót chuột Steelseries Qck Mini","Steelseries","175000","denmark","","[https://cdn.shopify.com/s/files/1/0636/9044/0949/products/lot-chu-t-glorious-elements-air-mouse-pad-xl-37010435834101.png?v=1677169275&width=700]","Đế poron vừa chống trượt hoàn hảo, vừa tạo độ mềm vừa phải giúp tăng stopping power (khả năng dừng chuột tức thời) sau mỗi cú flick chuột.","Bề mặt vải Polyester cao cấp","Được thiết kế tập trung vào độ control, dừng chuột và tracking. Mặt vải mềm trung tính phù hợp và dễ làm quen trong nhiều nhu cầu sử dụng.","{Loại bề mặt=Control, Tương thích sạc không dây=Poron, Chất liệu đế=Poron}","{Control=Loại bề mặt, CẢM BIẾN HERO 25K=Độ chính xác tiên tiến, Poron=Chất liệu đế}"
"Lót chuột Pulsar ParaSpeed V2 (High Speed) - XL đến XXL","Pulsar","605000","USA","","[https://cdn.shopify.com/s/files/1/0636/9044/0949/products/lot-chu-t-pulsar-paraspeed-v2-high-speed-xl-d-n-xxl-37248462586101.jpg?v=1677146055&width=1600, https://cdn.shopify.com/s/files/1/0636/9044/0949/products/lot-chu-t-pulsar-paraspeed-v2-high-speed-xl-d-n-xxl-37248464322805.jpg?v=1677146058&width=1600, https://cdn.shopify.com/s/files/1/0636/9044/0949/products/lot-chu-t-pulsar-paraspeed-v2-high-speed-xl-d-n-xxl-37248462520565.jpg?v=1677146062&width=1600, https://cdn.shopify.com/s/files/1/0636/9044/0949/products/lot-chu-t-pulsar-paraspeed-v2-high-speed-xl-d-n-xxl-37248464290037.jpg?v=1677146229&width=1600, https://cdn.shopify.com/s/files/1/0636/9044/0949/products/lot-chu-t-pulsar-paraspeed-v2-high-speed-xl-d-n-xxl-37248462815477.jpg?v=1677146236&width=1600, https://cdn.shopify.com/s/files/1/0636/9044/0949/products/lot-chu-t-pulsar-paraspeed-v2-high-speed-xl-d-n-xxl-37248464486645.jpg?v=1677146233&width=1600, https://cdn.shopify.com/s/files/1/0636/9044/0949/products/lot-chu-t-pulsar-paraspeed-v2-high-speed-xl-d-n-xxl-37248462487797.jpg?v=1677163877&width=1600, https://cdn.shopify.com/s/files/1/0636/9044/0949/products/lot-chu-t-pulsar-paraspeed-v2-high-speed-xl-d-n-xxl-37248473301237.jpg?v=1677163696&width=1600]","Đế poron vừa chống trượt hoàn hảo, vừa tạo độ mềm vừa phải giúp tăng stopping power (khả năng dừng chuột tức thời) sau mỗi cú flick chuột.","Siêu bền - Siêu nhanh","Được làm từ vải sợi Cordura nổi tiếng siêu bền, Pulsar ParaSpeed V2 là lót chuột nhanh nhất, bền nhất của Pulsar. Đi cùng khả năng chống nước, ParaSpeed V2 bền hơn các loại lót chuột khác trong điều kiện môi trường nhiều bụi bẩn và độ ẩm cao. Tuy có khả năng chống chịu bụi bẩn cao từ loại vải Cordura, bạn vẫn nên vệ sinh lót chuột định kỳ nhằm giúp lót chuột có độ mượt cao nhất khi lướt chuột.","{Tương thích feet=Feet mềm (PTFE) Feet cứng (thủy tinh  sapphire), Chất liệu bề mặt=Vải Cordura siêu bền và chống nước., Chất liệu đế=Cao su thiên nhiên dày 3mm chống trượt, Kích thước=XL: 460mm x 410mm x 3mm XXL: 900mm x 400mm x 3mm, Thương hiệu=Pulsar  Designed in Korea}","{May viền=Chống bong tróc mặt lót chuột, Cordura=Bề mặt vải siêu bền, siêu nhanh, Cao su=Vật liệu đế chống trượt}"
"Lót chuột Pulsar eS2 Slow - Bruce Lee Edition","Pulsar","1100000","USA","","[https://cdn.shopify.com/s/files/1/0636/9044/0949/products/lot-chu-t-pulsar-es2-slow-bruce-lee-edition-38646141911285.jpg?v=1677165671&width=1600, https://cdn.shopify.com/s/files/1/0636/9044/0949/products/lot-chu-t-pulsar-es2-slow-bruce-lee-edition-38646142271733.jpg?v=1677165672&width=1600, https://cdn.shopify.com/s/files/1/0636/9044/0949/products/lot-chu-t-pulsar-es2-slow-bruce-lee-edition-38646142337269.jpg?v=1677165679&width=1600, https://cdn.shopify.com/s/files/1/0636/9044/0949/products/lot-chu-t-pulsar-es2-slow-bruce-lee-edition-38646142206197.jpg?v=1677165674&width=1600, https://cdn.shopify.com/s/files/1/0636/9044/0949/products/lot-chu-t-pulsar-es2-slow-bruce-lee-edition-38646142304501.jpg?v=1677165487&width=1600, https://cdn.shopify.com/s/files/1/0636/9044/0949/products/lot-chu-t-pulsar-es2-slow-bruce-lee-edition-38646142435573.jpg?v=1677165304&width=1600, https://cdn.shopify.com/s/files/1/0636/9044/0949/products/lot-chu-t-pulsar-es2-slow-bruce-lee-edition-38646142402805.jpg?v=1677165307&width=1600, https://cdn.shopify.com/s/files/1/0636/9044/0949/products/lot-chu-t-pulsar-es2-slow-bruce-lee-edition-38646142370037.jpg?v=1677165310&width=1600, https://cdn.shopify.com/s/files/1/0636/9044/0949/products/hqdefault_a5a3bbc0-8fb7-408e-965a-741a9854f180.jpg?v=1678761847&width=480]","Đế poron vừa chống trượt hoàn hảo, vừa tạo độ mềm vừa phải giúp tăng stopping power (khả năng dừng chuột tức thời) sau mỗi cú flick chuột.","Được thiết kế cho competitive eSports - eS (eSports) series Mousepad.","Được thiết kế cho thể thao điện tử. Bề mặt vải hybrid dệt siêu mịn cung cấp cả độ lướt và độ ma sát. Vật liệu đế mới alpha cell giúp tăng stopping power và êm ái cho cánh tay. Bo viền được làm nhỏ nhất có thể nhưng cực kỳ bền. Lót chuột eS-2 cho bạn một độ ma sát nhất định, tốc độ di chuột từ chậm đến vừa với khả năng dừng chuột dễ dàng. Độ dày 3mm vừa đủ mang lại sự êm ái từ soft đến medium và độ đàn hồi tốt.","{Tương thích feet=Feet mềm (PTFE) Feet cứng (thủy tinh  sapphire), Chất liệu bề mặt=Microfiber chậm, Chất liệu đế=Alpha-cell siêu bám mặt bàn (Polyurethane), Kích thước=XL: 490mm x 420mm x 3mm, Thương hiệu=Pulsar  Designed in Korea}","{Slow=Chú trọng đến kiểm soát chính xác, Alpha Cell=Chất liệu siêu chống trượt, Soft=Độ mềm cân bằng Speed - Stop}"
"Lót chuột Pulsar ParaControl V2 (Medium Speed) - S đến XXL (Size mới)","Pulsar","220000","USA","","[https://cdn.shopify.com/s/files/1/0636/9044/0949/products/lot-chu-t-pulsar-paracontrol-v2-medium-speed-s-d-n-xxl-size-m-i-38123640226037.jpg?v=1677165123&width=1600, https://cdn.shopify.com/s/files/1/0636/9044/0949/products/lot-chu-t-pulsar-paracontrol-v2-medium-speed-s-d-n-xxl-size-m-i-38123641307381.jpg?v=1677165127&width=1600, https://cdn.shopify.com/s/files/1/0636/9044/0949/products/lot-chu-t-pulsar-paracontrol-v2-medium-speed-s-d-n-xxl-size-m-i-38123641274613.jpg?v=1677165129&width=1600, https://cdn.shopify.com/s/files/1/0636/9044/0949/products/lot-chu-t-pulsar-paracontrol-v2-medium-speed-s-d-n-xxl-size-m-i-38123641340149.jpg?v=1677164944&width=1600, https://cdn.shopify.com/s/files/1/0636/9044/0949/products/lot-chu-t-pulsar-paracontrol-v2-medium-speed-s-d-n-xxl-size-m-i-38123641405685.jpg?v=1677164582&width=1600, https://cdn.shopify.com/s/files/1/0636/9044/0949/products/lot-chu-t-pulsar-paracontrol-v2-medium-speed-s-d-n-xxl-size-m-i-38123613683957.jpg?v=1677164586&width=1600, https://cdn.shopify.com/s/files/1/0636/9044/0949/products/lot-chu-t-pulsar-paracontrol-v2-medium-speed-s-d-n-xxl-size-m-i-38123612504309.jpg?v=1677164588&width=1600, https://cdn.shopify.com/s/files/1/0636/9044/0949/products/lot-chu-t-pulsar-paracontrol-v2-medium-speed-s-d-n-xxl-size-m-i-38123614699765.jpg?v=1677164591&width=1600, https://cdn.shopify.com/s/files/1/0636/9044/0949/products/lot-chu-t-pulsar-paracontrol-v2-medium-speed-s-d-n-xxl-size-m-i-38123616305397.jpg?v=1677164594&width=1600, https://cdn.shopify.com/s/files/1/0636/9044/0949/products/lot-chu-t-pulsar-paracontrol-v2-medium-speed-s-d-n-xxl-size-m-i-38123618205941.jpg?v=1677164597&width=1600, https://cdn.shopify.com/s/files/1/0636/9044/0949/products/lot-chu-t-pulsar-paracontrol-v2-medium-speed-s-d-n-xxl-size-m-i-38123620040949.jpg?v=1677164601&width=1600, https://cdn.shopify.com/s/files/1/0636/9044/0949/products/lot-chu-t-pulsar-paracontrol-v2-medium-speed-s-d-n-xxl-size-m-i-38123621122293.jpg?v=1677164766&width=1600, https://cdn.shopify.com/s/files/1/0636/9044/0949/products/lot-chu-t-pulsar-paracontrol-v2-medium-speed-s-d-n-xxl-size-m-i-38123622433013.jpg?v=1677164765&width=1600, https://cdn.shopify.com/s/files/1/0636/9044/0949/products/lot-chu-t-pulsar-paracontrol-v2-medium-speed-s-d-n-xxl-size-m-i-38123632001269.jpg?v=1677164768&width=1600, https://cdn.shopify.com/s/files/1/0636/9044/0949/products/lot-chu-t-pulsar-paracontrol-v2-medium-speed-s-d-n-xxl-size-m-i-38123634524405.jpg?v=1677164772&width=1600]","Đế poron vừa chống trượt hoàn hảo, vừa tạo độ mềm vừa phải giúp tăng stopping power (khả năng dừng chuột tức thời) sau mỗi cú flick chuột.","Control, chuẩn xác","Cân bằng giữa tốc độ và kiểm soát chuột, Pulsar ParaControl V2 là mẫu lót chuột hiếm hoi sở hữu bề mặt control nhưng vẫn giữ được tốc độ lướt tốt và dễ dàng dừng chuột khi cần. Trong ba loại lót chuột của Pulsar, đây là loại lót chuột trung hòa giữa tốc độ và sự kiểm soát, thích hợp với những bạn cần tìm một lót chuột an toàn, dễ làm quen để bắt đầu try hard các tựa game cũng như cần độ chính xác cao khi làm việc.","{Tương thích feet=Feet mềm (PTFE) Feet cứng (thủy tinh  sapphire), Chất liệu bề mặt=Vải không dệt hoa văn control, Chất liệu đế=Cao su thiên nhiên dày 2-4mm chống trượt, Kích thước=S: 260 x 210 x 2mm M: 330 x 260 x 4mm L: 420 x 330 x 4mm XL: 490 x 420 x 4mm XXL: 900 x 400 x 4mm, Thương hiệu=Pulsar  Designed in Korea}","{Control=Tốc độ trung bình đến nhanh, May viền=Chống bong tróc mặt lót chuột, Cao su=Vật liệu đế chống trượt}"
"Lót chuột Lethal Gaming Gear Venus","Lethal Gaming Gear","1320000","korea","","[https://cdn.shopify.com/s/files/1/0636/9044/0949/products/lot-chu-t-lethal-gaming-gear-venus-38703480865013.jpg?v=1677166749&width=1600, https://cdn.shopify.com/s/files/1/0636/9044/0949/products/lot-chu-t-lethal-gaming-gear-venus-38687154831605.jpg?v=1677166751&width=1600, https://cdn.shopify.com/s/files/1/0636/9044/0949/products/lot-chu-t-lethal-gaming-gear-venus-38687154766069.jpg?v=1677166755&width=1600, https://cdn.shopify.com/s/files/1/0636/9044/0949/products/lot-chu-t-lethal-gaming-gear-venus-38687154602229.jpg?v=1677166757&width=1600, https://cdn.shopify.com/s/files/1/0636/9044/0949/products/lot-chu-t-lethal-gaming-gear-venus-38687154634997.jpg?v=1677166563&width=1600]","Đế poron vừa chống trượt hoàn hảo, vừa tạo độ mềm vừa phải giúp tăng stopping power (khả năng dừng chuột tức thời) sau mỗi cú flick chuột.","Bề mặt vải Polyester cao cấp","Được làm từ vải Polyester chất lượng cao và bằng cách tối ưu hóa mật độ, độ cứng và cách dệt vải giúp lót chuột LGG có nhiều loại bề mặt khác nhau. Nhờ đó, lót chuột LGG phù hợp với từng nhu cầu riêng biệt của bạn như tốc độ cao hay cần sự kiểm soát tuyệt vời. Tất cả đều có trong danh mục sản phẩm của LGG.","{Tương thích feet=Feet mềm (PTFE) Feet cứng (thủy tinh  sapphire), Chất liệu bề mặt=Vải Polyester, Chất liệu đế=Cao su thiên nhiên, Kích thước=XL: 490 x 410 x 4mm / 19.3 x 16.1 x 0.16in XL Square: 500 x 500 x 4mm / 19.7 x 19.7 x 0.16in XXL: 1000 x 500 x 4mm / 39.4 x 19.7 x 0.16in, Thương hiệu=Designed by Lethal Gaming Gear USA Made in Taiwan}","{USA=Thương hiệu Mỹ, Hybrid=Loại bề mặt, Cao su=Chất liệu đế}"
"Lót chuột kính SkyPAD Glass 3.0 - XL (White - Text Logo)","SkyPAD","2882000","korea","","[https://cdn.shopify.com/s/files/1/0636/9044/0949/products/lot-chu-t-kinh-skypad-glass-3-0-xl-white-text-logo-38157183615221.jpg?v=1677167120&width=1600, https://cdn.shopify.com/s/files/1/0636/9044/0949/products/lot-chu-t-kinh-skypad-glass-3-0-xl-white-text-logo-38157183647989.jpg?v=1677167313&width=1600, https://cdn.shopify.com/s/files/1/0636/9044/0949/products/lot-chu-t-kinh-skypad-glass-3-0-xl-white-text-logo-38157183942901.jpg?v=1677167316&width=1600, https://cdn.shopify.com/s/files/1/0636/9044/0949/products/lot-chu-t-kinh-skypad-glass-3-0-xl-white-text-logo-38157183680757.jpg?v=1677167319&width=1600, https://cdn.shopify.com/s/files/1/0636/9044/0949/products/hqdefault_e4a24870-8675-48e4-9d0c-3b6278026779.jpg?v=1678761951&width=480]","Đế poron vừa chống trượt hoàn hảo, vừa tạo độ mềm vừa phải giúp tăng stopping power (khả năng dừng chuột tức thời) sau mỗi cú flick chuột.","SkyPAD - Lót chuột cứng tốt nhất phải làm từ kính cường lực","Đến từ vùng Scandinavian Đan Mạch, SkyPAD là dòng lót chuột được làm từ kính cường lực với bề mặt được ""đốt"" vân control nhằm đảm bảo cả hai tiêu chí: Tốc độ nhưng vẫn có sự kiểm soát khi di chuột. Có thể sử dụng cả chuột quang (optical) và laser. Không bị ẩm, không thấm hút mồ hôi tay. Không bắt bụi. Không bao giờ mài mòn, mất vân. Tốc độ di chuột nhanh hơn bất kỳ dòng lót chuột nào. Vệ sinh nhanh hơn bất kỳ loại lót chuột nào: nước lau kính + khăn khô. Bất tử, gần như không thể bị mòn trong quá trình sử dụng. Lưu ý: Không nên sử dụng feet chuột thủy tinh trên lót chuột kính.","{Tương thích feet=Feet mềm (PTFE), Chất liệu bề mặt=Kính cường lực, Chất liệu đế=Cao su chống trượt, Kích thước=40 x 50 x 0.36cm, Thương hiệu=SkyPAD  Designed in Denmark}","{Siêu bền=Không mòn, không cần thay thế, 30 giây=Vệ sinh lót chuột trong chớp mắt, Thủy tinh=Kính cường lực siêu bền}"
"Lót chuột kính cường lực Pulsar Superglide","Pulsar","2340000","korea","","[https://cdn.shopify.com/s/files/1/0636/9044/0949/products/lot-chu-t-kinh-c-ng-l-c-pulsar-superglide-38815197626613.jpg?v=1680233717&width=1200, https://cdn.shopify.com/s/files/1/0636/9044/0949/products/lot-chu-t-kinh-c-ng-l-c-pulsar-superglide-38815197954293.jpg?v=1680233717&width=1200, https://cdn.shopify.com/s/files/1/0636/9044/0949/products/lot-chu-t-kinh-c-ng-l-c-pulsar-superglide-38815197528309.jpg?v=1680233717&width=1200, https://cdn.shopify.com/s/files/1/0636/9044/0949/products/lot-chu-t-kinh-c-ng-l-c-pulsar-superglide-38815197987061.jpg?v=1680233717&width=1200, https://cdn.shopify.com/s/files/1/0636/9044/0949/products/lot-chu-t-kinh-c-ng-l-c-pulsar-superglide-38815197921525.jpg?v=1680233717&width=1200, https://cdn.shopify.com/s/files/1/0636/9044/0949/products/lot-chu-t-kinh-c-ng-l-c-pulsar-superglide-38815197593845.jpg?v=1680233717&width=1200]","Đế poron vừa chống trượt hoàn hảo, vừa tạo độ mềm vừa phải giúp tăng stopping power (khả năng dừng chuột tức thời) sau mỗi cú flick chuột.","Lót chuột kính cường lực cao cấp","Là sự hòa hợp giữa hiệu năng sử dụng đỉnh cao cùng độ bền vượt trội. Lót chuột kính cường lực Pulsar Superglide sử dụng mặt kính cường lực aluminosiliate cùng vân bề mặt đặc biệt giúp di chuột nhẹ và dừng dễ dàng. Phần đáy được làm từ silicone đúc mật độ cao đảm bảo độ bám tối đa.","{Tương thích feet=Feet mềm (PTFE), Chất liệu bề mặt=Kính cường lực Aluminosilicate, Chất liệu đế=Silicone đúc, Kích thước=XL: 490mm (19.3in) x 420mm(16.5in) x 4mm (0.16in) L: 420mm (16.5in) x 330mm(13in) x 4mm (0.16in), Thương hiệu=Pulsar  Designed in Korea}","{Siêu bền=Gần như không mòn, Siêu nhanh=Lướt chuột gần như không ma sát, Thủy tinh=Kính cường lực Aluminosilicate}"
"Lót chuột đế Xsoft Lethal Gaming Gear Saturn PRO","Lethal Gaming Gear","1320000","denmark","","[https://cdn.shopify.com/s/files/1/0636/9044/0949/products/lot-chu-t-d-xsoft-lethal-gaming-gear-saturn-pro-38625455210741.jpg?v=1677162782&width=631, https://cdn.shopify.com/s/files/1/0636/9044/0949/products/lot-chu-t-d-xsoft-lethal-gaming-gear-saturn-pro-38874771783925.jpg?v=1677162785&width=960, https://cdn.shopify.com/s/files/1/0636/9044/0949/products/lot-chu-t-d-xsoft-lethal-gaming-gear-saturn-pro-38874771652853.jpg?v=1677162788&width=960, https://cdn.shopify.com/s/files/1/0636/9044/0949/products/lot-chu-t-d-xsoft-lethal-gaming-gear-saturn-pro-38874766115061.jpg?v=1677162791&width=631, https://cdn.shopify.com/s/files/1/0636/9044/0949/products/lot-chu-t-d-xsoft-lethal-gaming-gear-saturn-pro-38874770276597.jpg?v=1677162421&width=960, https://cdn.shopify.com/s/files/1/0636/9044/0949/products/lot-chu-t-d-xsoft-lethal-gaming-gear-saturn-pro-38874770243829.jpg?v=1677162425&width=960, https://cdn.shopify.com/s/files/1/0636/9044/0949/products/lot-chu-t-d-xsoft-lethal-gaming-gear-saturn-pro-38244931698933.jpg?v=1677162428&width=800, https://cdn.shopify.com/s/files/1/0636/9044/0949/products/hqdefault_ad5503cf-b5a0-4ab3-9f12-5a606a125bd7.jpg?v=1678762102&width=480]","Đế poron vừa chống trượt hoàn hảo, vừa tạo độ mềm vừa phải giúp tăng stopping power (khả năng dừng chuột tức thời) sau mỗi cú flick chuột.","Bề mặt vải Polyester cao cấp","Được làm từ vải Polyester chất lượng cao và bằng cách tối ưu hóa mật độ, độ cứng và cách dệt vải giúp lót chuột LGG có nhiều loại bề mặt khác nhau. Nhờ đó, lót chuột LGG phù hợp với từng nhu cầu riêng biệt của bạn như tốc độ cao hay cần sự kiểm soát tuyệt vời. Tất cả đều có trong danh mục sản phẩm của LGG.","{Tương thích feet=Feet mềm (PTFE) Feet cứng (thủy tinh  sapphire), Chất liệu bề mặt=Vải Polyester, Chất liệu đế=Authentic Japanese Poron - Xsoft, Kích thước=XL: 490 x 410 x 3.5mm XL Square: 500 x 500 x 3.5mm, Thương hiệu=Designed by Lethal Gaming Gear USA Made in Taiwan}","{Control=Loại bề mặt, USA=Thương hiệu Mỹ, Poron=Chất liệu đế}"
"Lót chuột Glorious Elements FIRE Mouse Pad - XL","Glorious","946000","denmark","","[https://cdn.shopify.com/s/files/1/0636/9044/0949/products/lot-chu-t-glorious-elements-air-mouse-pad-xl-37010435834101.png?v=1677169275&width=700]","Đế poron vừa chống trượt hoàn hảo, vừa tạo độ mềm vừa phải giúp tăng stopping power (khả năng dừng chuột tức thời) sau mỗi cú flick chuột.","Bề mặt vải Polyester cao cấp","Được thiết kế tập trung vào độ control, dừng chuột và tracking. Mặt vải mềm trung tính phù hợp và dễ làm quen trong nhiều nhu cầu sử dụng.","{Loại bề mặt=Control, Tương thích sạc không dây=Poron, Chất liệu đế=Poron}","{Control=Loại bề mặt, CẢM BIẾN HERO 25K=Độ chính xác tiên tiến, Poron=Chất liệu đế}"
"Lót chuột đế Xsoft Lethal Gaming Gear Venus PRO","Lethal Gaming Gear","1452000","USA","","[https://cdn.shopify.com/s/files/1/0636/9044/0949/products/lot-chu-t-d-xsoft-lethal-gaming-gear-venus-pro-38625459208437.jpg?v=1677162431&width=631, https://cdn.shopify.com/s/files/1/0636/9044/0949/products/lot-chu-t-d-xsoft-lethal-gaming-gear-venus-pro-38288633856245.jpg?v=1677162434&width=1000, https://cdn.shopify.com/s/files/1/0636/9044/0949/products/lot-chu-t-d-xsoft-lethal-gaming-gear-venus-pro-38288633823477.jpg?v=1677162437&width=1000, https://cdn.shopify.com/s/files/1/0636/9044/0949/products/lot-chu-t-d-xsoft-lethal-gaming-gear-venus-pro-38874772340981.jpg?v=1677162439&width=631, https://cdn.shopify.com/s/files/1/0636/9044/0949/products/lot-chu-t-d-xsoft-lethal-gaming-gear-venus-pro-38874772308213.jpg?v=1677162604&width=960, https://cdn.shopify.com/s/files/1/0636/9044/0949/products/lot-chu-t-d-xsoft-lethal-gaming-gear-venus-pro-38874772406517.jpg?v=1677162607&width=960, https://cdn.shopify.com/s/files/1/0636/9044/0949/products/hqdefault_714c9862-68fe-4d20-ad57-f7cf4e7e4a6d.jpg?v=1678762105&width=480]","Đế poron vừa chống trượt hoàn hảo, vừa tạo độ mềm vừa phải giúp tăng stopping power (khả năng dừng chuột tức thời) sau mỗi cú flick chuột.","Bề mặt vải Polyester cao cấp","Được làm từ vải Polyester chất lượng cao và bằng cách tối ưu hóa mật độ, độ cứng và cách dệt vải giúp lót chuột LGG có nhiều loại bề mặt khác nhau. Nhờ đó, lót chuột LGG phù hợp với từng nhu cầu riêng biệt của bạn như tốc độ cao hay cần sự kiểm soát tuyệt vời. Tất cả đều có trong danh mục sản phẩm của LGG.","{Tương thích feet=Feet mềm (PTFE) Feet cứng (thủy tinh  sapphire), Chất liệu bề mặt=Vải Polyester, Chất liệu đế=Authentic Japanese Poron - Xsoft, Kích thước=XL: 490 x 410 x 3.5mm XL Square: 500 x 500 x 3.5mm, Thương hiệu=Designed by Lethal Gaming Gear USA Made in Taiwan}","{USA=Thương hiệu Mỹ, Hybrid=Loại bề mặt, Poron=Chất liệu đế}"
"Lót chuột đế Xsoft Lethal Gaming Gear Saturn PRO","Lethal Gaming Gear","1320000","denmark","","[https://cdn.shopify.com/s/files/1/0636/9044/0949/products/lot-chu-t-d-xsoft-lethal-gaming-gear-saturn-pro-38625455210741.jpg?v=1677162782&width=631, https://cdn.shopify.com/s/files/1/0636/9044/0949/products/lot-chu-t-d-xsoft-lethal-gaming-gear-saturn-pro-38874771783925.jpg?v=1677162785&width=960, https://cdn.shopify.com/s/files/1/0636/9044/0949/products/lot-chu-t-d-xsoft-lethal-gaming-gear-saturn-pro-38874771652853.jpg?v=1677162788&width=960, https://cdn.shopify.com/s/files/1/0636/9044/0949/products/lot-chu-t-d-xsoft-lethal-gaming-gear-saturn-pro-38874766115061.jpg?v=1677162791&width=631, https://cdn.shopify.com/s/files/1/0636/9044/0949/products/lot-chu-t-d-xsoft-lethal-gaming-gear-saturn-pro-38874770276597.jpg?v=1677162421&width=960, https://cdn.shopify.com/s/files/1/0636/9044/0949/products/lot-chu-t-d-xsoft-lethal-gaming-gear-saturn-pro-38874770243829.jpg?v=1677162425&width=960, https://cdn.shopify.com/s/files/1/0636/9044/0949/products/lot-chu-t-d-xsoft-lethal-gaming-gear-saturn-pro-38244931698933.jpg?v=1677162428&width=800, https://cdn.shopify.com/s/files/1/0636/9044/0949/products/hqdefault_ad5503cf-b5a0-4ab3-9f12-5a606a125bd7.jpg?v=1678762102&width=480]","Đế poron vừa chống trượt hoàn hảo, vừa tạo độ mềm vừa phải giúp tăng stopping power (khả năng dừng chuột tức thời) sau mỗi cú flick chuột.","Bề mặt vải Polyester cao cấp","Được làm từ vải Polyester chất lượng cao và bằng cách tối ưu hóa mật độ, độ cứng và cách dệt vải giúp lót chuột LGG có nhiều loại bề mặt khác nhau. Nhờ đó, lót chuột LGG phù hợp với từng nhu cầu riêng biệt của bạn như tốc độ cao hay cần sự kiểm soát tuyệt vời. Tất cả đều có trong danh mục sản phẩm của LGG.","{Tương thích feet=Feet mềm (PTFE) Feet cứng (thủy tinh  sapphire), Chất liệu bề mặt=Vải Polyester, Chất liệu đế=Authentic Japanese Poron - Xsoft, Kích thước=XL: 490 x 410 x 3.5mm XL Square: 500 x 500 x 3.5mm, Thương hiệu=Designed by Lethal Gaming Gear USA Made in Taiwan}","{Control=Loại bề mặt, USA=Thương hiệu Mỹ, Poron=Chất liệu đế}"
"Lót chuột Glorious Stitch Cloth Black - Large đến 3XL","Glorious","297000","USA","","[https://cdn.shopify.com/s/files/1/0636/9044/0949/products/lot-chu-t-glorious-stitch-cloth-black-large-d-n-3xl-37010436948213.jpg?v=1677169454&width=1000, https://cdn.shopify.com/s/files/1/0636/9044/0949/products/lot-chu-t-glorious-stitch-cloth-black-large-d-n-3xl-37010436980981.jpg?v=1677169457&width=1000, https://cdn.shopify.com/s/files/1/0636/9044/0949/products/lot-chu-t-glorious-stitch-cloth-black-large-d-n-3xl-37010437013749.jpg?v=1677168903&width=1000, https://cdn.shopify.com/s/files/1/0636/9044/0949/products/lot-chu-t-glorious-stitch-cloth-black-large-d-n-3xl-37010437046517.jpg?v=1677168905&width=1000, https://cdn.shopify.com/s/files/1/0636/9044/0949/products/lot-chu-t-glorious-stitch-cloth-black-large-d-n-3xl-37010437079285.jpg?v=1677168908&width=1000, https://cdn.shopify.com/s/files/1/0636/9044/0949/products/lot-chu-t-glorious-stitch-cloth-black-large-d-n-3xl-37010437112053.jpg?v=1677168721&width=1000, https://cdn.shopify.com/s/files/1/0636/9044/0949/products/lot-chu-t-glorious-stitch-cloth-black-large-d-n-3xl-37010437144821.jpg?v=1677168724&width=1000, https://cdn.shopify.com/s/files/1/0636/9044/0949/products/lot-chu-t-glorious-stitch-cloth-black-large-d-n-3xl-37010437177589.jpg?v=1677168728&width=1000, https://cdn.shopify.com/s/files/1/0636/9044/0949/products/lot-chu-t-glorious-stitch-cloth-black-large-d-n-3xl-37010437210357.jpg?v=1677168545&width=1000]","Đế poron vừa chống trượt hoàn hảo, vừa tạo độ mềm vừa phải giúp tăng stopping power (khả năng dừng chuột tức thời) sau mỗi cú flick chuột.","Bo viền - Siêu bền - Dễ vệ sinh","Lót chuột Glorious Stitch Cloth là dòng sản phẩm duy nhất trên thị trường có thể tự tin giặt bằng máy giặt mà không lo làm hư hại đến lót chuột. Bề mặt cân bằng giữa Speed - Control phù hợp với mọi loại chuột, feet chuột cũng như bảo vệ bộ feet chuột hàng hiệu của bạn khỏi các hư hỏng không đáng có. Ngoài ra viền được may cẩn thận giúp tăng tuổi thọ của lót chuột Glorious Stitch Cloth lên nhiều lần.","{Tương thích feet=Feet mềm (PTFE) Feet cứng (thủy tinh  sapphire), Chất liệu bề mặt=Vải, Chất liệu đế=Cao su thiên nhiên, Kích thước=Large: 330 x 280 x 2mm XL: 460 x 410 x 3mm XL Heavy: 460 x 410 x 5mm XL Extended: 610 x 360 x 3mm Extended: 910 x 280 x 3mm XXL: 910 x 460 x 3mm 3XL: 1220 x 610 x 3mm, Thương hiệu=Designed by Glorious}","{Bo viền=Chống bong tróc 360 độ, Cloth=Chất liệu vải truyền thống, Balance=Cân bằng giữa tốc độ - Control}"
"Lót chuột Pulsar eS1 Hybrid","Pulsar","1100000","denmark","","[https://cdn.shopify.com/s/files/1/0636/9044/0949/products/lot-chu-t-pulsar-es1-hybrid-38740940194037.jpg?v=1677166022&width=1600, https://cdn.shopify.com/s/files/1/0636/9044/0949/products/lot-chu-t-pulsar-es1-hybrid-38740940226805.jpg?v=1677166026&width=1600, https://cdn.shopify.com/s/files/1/0636/9044/0949/products/lot-chu-t-pulsar-es1-hybrid-38740940161269.jpg?v=1677166028&width=1600, https://cdn.shopify.com/s/files/1/0636/9044/0949/products/lot-chu-t-pulsar-es1-hybrid-38740940259573.jpg?v=1677166031&width=1600, https://cdn.shopify.com/s/files/1/0636/9044/0949/products/lot-chu-t-pulsar-es1-hybrid-38740941275381.jpg?v=1677166034&width=1600, https://cdn.shopify.com/s/files/1/0636/9044/0949/products/lot-chu-t-pulsar-es1-hybrid-38740941439221.jpg?v=1677166037&width=1600, https://cdn.shopify.com/s/files/1/0636/9044/0949/products/lot-chu-t-pulsar-es1-hybrid-38740941340917.jpg?v=1677177003&width=1600, https://cdn.shopify.com/s/files/1/0636/9044/0949/products/lot-chu-t-pulsar-es1-hybrid-38740941308149.jpg?v=1677177007&width=1600, https://cdn.shopify.com/s/files/1/0636/9044/0949/products/lot-chu-t-pulsar-es1-hybrid-38740940521717.jpg?v=1677177010&width=1600, https://cdn.shopify.com/s/files/1/0636/9044/0949/products/lot-chu-t-pulsar-es1-hybrid-38740940554485.jpg?v=1677176823&width=1600]","Đế poron vừa chống trượt hoàn hảo, vừa tạo độ mềm vừa phải giúp tăng stopping power (khả năng dừng chuột tức thời) sau mỗi cú flick chuột.","Được thiết kế cho competitive eSports - eS (eSports) series Mousepad.","Được thiết kế cho thể thao điện tử. Bề mặt vải hybrid dệt siêu mịn cung cấp cả độ lướt và độ ma sát. Vật liệu đế mới alpha cell giúp tăng stopping power và êm ái cho cánh tay. Bo viền được làm nhỏ nhất có thể nhưng cực kỳ bền tăng độ thoải mái cho cánh tay. Lót chuột eS-1 giảm ma sát tối thiểu, tốc độ glide trung bình trong khi vẫn có đủ stopping power cho những cú flick siêu tốc. Độ dày 3mm cung cấp độ mềm từ soft đến medium vừa đủ để bạn làm quen khi vừa chuyển qua các dòng lót chuột đế cao su hoặc cứng hơn.","{Tương thích feet=Feet mềm (PTFE) Feet cứng (thủy tinh  sapphire), Chất liệu bề mặt=Poly hybrid mịn được dệt đồng nhất, Chất liệu đế=Alpha-cell siêu bám mặt bàn (Polyurethane), Kích thước=XL: 490mm x 420mm x 3mm L: 420mm x 330mm x 3 mm, Thương hiệu=Pulsar  Designed in Korea}","{Hybrid=Cân bằng giữa Speed và Control, Alpha Cell=Chất liệu siêu chống trượt, Soft=Độ mềm cân bằng Speed - Stop}"
"Lót chuột Pulsar eS1 Hybrid - Bruce Lee Edition","Pulsar","1100000","denmark","","[https://cdn.shopify.com/s/files/1/0636/9044/0949/products/lot-chu-t-pulsar-es1-hybrid-bruce-lee-edition-38646111568117.jpg?v=1677176826&width=1600, https://cdn.shopify.com/s/files/1/0636/9044/0949/products/lot-chu-t-pulsar-es1-hybrid-bruce-lee-edition-38646112387317.jpg?v=1677166040&width=1600, https://cdn.shopify.com/s/files/1/0636/9044/0949/products/lot-chu-t-pulsar-es1-hybrid-bruce-lee-edition-38646112354549.jpg?v=1677165842&width=1600, https://cdn.shopify.com/s/files/1/0636/9044/0949/products/lot-chu-t-pulsar-es1-hybrid-bruce-lee-edition-38646112452853.jpg?v=1677165845&width=1600, https://cdn.shopify.com/s/files/1/0636/9044/0949/products/lot-chu-t-pulsar-es1-hybrid-bruce-lee-edition-38646112485621.jpg?v=1677165848&width=1600, https://cdn.shopify.com/s/files/1/0636/9044/0949/products/lot-chu-t-pulsar-es1-hybrid-bruce-lee-edition-38646112616693.jpg?v=1677165853&width=1600, https://cdn.shopify.com/s/files/1/0636/9044/0949/products/lot-chu-t-pulsar-es1-hybrid-bruce-lee-edition-38646112518389.jpg?v=1677165663&width=1600, https://cdn.shopify.com/s/files/1/0636/9044/0949/products/lot-chu-t-pulsar-es1-hybrid-bruce-lee-edition-38646112420085.jpg?v=1677165666&width=1600, https://cdn.shopify.com/s/files/1/0636/9044/0949/products/hqdefault_218710d4-b3c1-4395-b8b4-ab31644cc9a3.jpg?v=1678761845&width=480]","Đế poron vừa chống trượt hoàn hảo, vừa tạo độ mềm vừa phải giúp tăng stopping power (khả năng dừng chuột tức thời) sau mỗi cú flick chuột.","Được thiết kế cho competitive eSports - eS (eSports) series Mousepad.","Được thiết kế cho thể thao điện tử. Bề mặt vải hybrid dệt siêu mịn cung cấp cả độ lướt và độ ma sát. Vật liệu đế mới alpha cell giúp tăng stopping power và êm ái cho cánh tay. Bo viền được làm nhỏ nhất có thể nhưng cực kỳ bền tăng độ thoải mái cho cánh tay. Lót chuột eS-1 giảm ma sát tối thiểu, tốc độ glide trung bình trong khi vẫn có đủ stopping power cho những cú flick siêu tốc. Độ dày 3mm cung cấp độ mềm từ soft đến medium vừa đủ để bạn làm quen khi vừa chuyển qua các dòng lót chuột đế cao su hoặc cứng hơn.","{Tương thích feet=Feet mềm (PTFE) Feet cứng (thủy tinh  sapphire), Chất liệu bề mặt=Poly hybrid mịn được dệt đồng nhất, Chất liệu đế=Alpha-cell siêu bám mặt bàn (Polyurethane), Kích thước=XL: 490mm x 420mm x 3mm, Thương hiệu=Pulsar  Designed in Korea}","{Hybrid=Cân bằng giữa Speed và Control, Alpha Cell=Chất liệu siêu chống trượt, Soft=Độ mềm cân bằng Speed - Stop}"
"Lót chuột Pulsar eS2 Slow - Bruce Lee Edition","Pulsar","1100000","korea","","[https://cdn.shopify.com/s/files/1/0636/9044/0949/products/lot-chu-t-pulsar-es2-slow-bruce-lee-edition-38646141911285.jpg?v=1677165671&width=1600, https://cdn.shopify.com/s/files/1/0636/9044/0949/products/lot-chu-t-pulsar-es2-slow-bruce-lee-edition-38646142271733.jpg?v=1677165672&width=1600, https://cdn.shopify.com/s/files/1/0636/9044/0949/products/lot-chu-t-pulsar-es2-slow-bruce-lee-edition-38646142337269.jpg?v=1677165679&width=1600, https://cdn.shopify.com/s/files/1/0636/9044/0949/products/lot-chu-t-pulsar-es2-slow-bruce-lee-edition-38646142206197.jpg?v=1677165674&width=1600, https://cdn.shopify.com/s/files/1/0636/9044/0949/products/lot-chu-t-pulsar-es2-slow-bruce-lee-edition-38646142304501.jpg?v=1677165487&width=1600, https://cdn.shopify.com/s/files/1/0636/9044/0949/products/lot-chu-t-pulsar-es2-slow-bruce-lee-edition-38646142435573.jpg?v=1677165304&width=1600, https://cdn.shopify.com/s/files/1/0636/9044/0949/products/lot-chu-t-pulsar-es2-slow-bruce-lee-edition-38646142402805.jpg?v=1677165307&width=1600, https://cdn.shopify.com/s/files/1/0636/9044/0949/products/lot-chu-t-pulsar-es2-slow-bruce-lee-edition-38646142370037.jpg?v=1677165310&width=1600, https://cdn.shopify.com/s/files/1/0636/9044/0949/products/hqdefault_a5a3bbc0-8fb7-408e-965a-741a9854f180.jpg?v=1678761847&width=480]","Đế poron vừa chống trượt hoàn hảo, vừa tạo độ mềm vừa phải giúp tăng stopping power (khả năng dừng chuột tức thời) sau mỗi cú flick chuột.","Được thiết kế cho competitive eSports - eS (eSports) series Mousepad.","Được thiết kế cho thể thao điện tử. Bề mặt vải hybrid dệt siêu mịn cung cấp cả độ lướt và độ ma sát. Vật liệu đế mới alpha cell giúp tăng stopping power và êm ái cho cánh tay. Bo viền được làm nhỏ nhất có thể nhưng cực kỳ bền. Lót chuột eS-2 cho bạn một độ ma sát nhất định, tốc độ di chuột từ chậm đến vừa với khả năng dừng chuột dễ dàng. Độ dày 3mm vừa đủ mang lại sự êm ái từ soft đến medium và độ đàn hồi tốt.","{Tương thích feet=Feet mềm (PTFE) Feet cứng (thủy tinh  sapphire), Chất liệu bề mặt=Microfiber chậm, Chất liệu đế=Alpha-cell siêu bám mặt bàn (Polyurethane), Kích thước=XL: 490mm x 420mm x 3mm, Thương hiệu=Pulsar  Designed in Korea}","{Slow=Chú trọng đến kiểm soát chính xác, Alpha Cell=Chất liệu siêu chống trượt, Soft=Độ mềm cân bằng Speed - Stop}"
"Lót chuột Pulsar ParaBrake V2 (Slow Speed) - XL đến XXL","Pulsar","847000","denmark","","[https://cdn.shopify.com/s/files/1/0636/9044/0949/products/lot-chu-t-pulsar-parabrake-v2-slow-speed-xl-d-n-xxl-37252535976181.jpg?v=1677165313&width=1600, https://cdn.shopify.com/s/files/1/0636/9044/0949/products/lot-chu-t-pulsar-parabrake-v2-slow-speed-xl-d-n-xxl-37252536434933.jpg?v=1677165316&width=1600, https://cdn.shopify.com/s/files/1/0636/9044/0949/products/lot-chu-t-pulsar-parabrake-v2-slow-speed-xl-d-n-xxl-37252536238325.jpg?v=1677165319&width=1600, https://cdn.shopify.com/s/files/1/0636/9044/0949/products/lot-chu-t-pulsar-parabrake-v2-slow-speed-xl-d-n-xxl-37252536402165.jpg?v=1677165323&width=1600, https://cdn.shopify.com/s/files/1/0636/9044/0949/products/lot-chu-t-pulsar-parabrake-v2-slow-speed-xl-d-n-xxl-37252536008949.jpg?v=1677165489&width=1600, https://cdn.shopify.com/s/files/1/0636/9044/0949/products/lot-chu-t-pulsar-parabrake-v2-slow-speed-xl-d-n-xxl-37252536533237.jpg?v=1677165131&width=1600, https://cdn.shopify.com/s/files/1/0636/9044/0949/products/lot-chu-t-pulsar-parabrake-v2-slow-speed-xl-d-n-xxl-37252535943413.jpg?v=1677165135&width=1600, https://cdn.shopify.com/s/files/1/0636/9044/0949/products/lot-chu-t-pulsar-parabrake-v2-slow-speed-xl-d-n-xxl-37252538990837.jpg?v=1677165138&width=1600]","Đế poron vừa chống trượt hoàn hảo, vừa tạo độ mềm vừa phải giúp tăng stopping power (khả năng dừng chuột tức thời) sau mỗi cú flick chuột.","Lướt và dừng, chậm mà chắc","Là mẫu lót chuột có bề mặt mịn nhất trong gia đình lót chuột Pulsar, ParaBrake V2 là lựa chọn phù hợp cho những bạn đang sử dụng feet chuột Superglide hoặc các mẫu chuột gaming siêu nhẹ. Hay đơn giản, bạn muốn một lót chuột cho cảm giác di chuyển êm ái nhất có thể.","{Tương thích feet=Feet mềm (PTFE) Feet cứng (thủy tinh  sapphire), Chất liệu bề mặt=Vải ultrafine woven microfiber (Chống nước), Chất liệu đế=Cao su thiên nhiên dày 4mm chống trượt, Kích thước=XL: 460mm x 410mm x 4mm XXL: 900mm x 400mm x 4mm, Thương hiệu=Pulsar  Designed in Korea}","{May viền=Chống bong tróc mặt lót chuột, Slow=Tốc độ chậm đến trung bình, Cao su=Vật liệu đế chống trượt}"
"Lót chuột Glorious Elements ICE Mouse Pad - XL","Glorious","473000","denmark","","[https://cdn.shopify.com/s/files/1/0636/9044/0949/products/lot-chu-t-glorious-elements-air-mouse-pad-xl-37010435834101.png?v=1677169275&width=700]","Đế poron vừa chống trượt hoàn hảo, vừa tạo độ mềm vừa phải giúp tăng stopping power (khả năng dừng chuột tức thời) sau mỗi cú flick chuột.","Bề mặt vải Polyester cao cấp","Được thiết kế tập trung vào độ control, dừng chuột và tracking. Mặt vải mềm trung tính phù hợp và dễ làm quen trong nhiều nhu cầu sử dụng.","{Loại bề mặt=Control, Tương thích sạc không dây=Poron, Chất liệu đế=Poron}","{Control=Loại bề mặt, CẢM BIẾN HERO 25K=Độ chính xác tiên tiến, Poron=Chất liệu đế}"
"Lót chuột kính SkyPAD Glass 3.0 - XL (White - Cloud Logo)","SkyPAD","2882000","USA","","[https://cdn.shopify.com/s/files/1/0636/9044/0949/products/lot-chu-t-kinh-skypad-glass-3-0-xl-white-cloud-logo-38157158449397.jpg?v=1677167108&width=1600, https://cdn.shopify.com/s/files/1/0636/9044/0949/products/lot-chu-t-kinh-skypad-glass-3-0-xl-white-cloud-logo-38157157597429.jpg?v=1677167111&width=1600, https://cdn.shopify.com/s/files/1/0636/9044/0949/products/lot-chu-t-kinh-skypad-glass-3-0-xl-white-cloud-logo-38157158220021.jpg?v=1677167115&width=1600, https://cdn.shopify.com/s/files/1/0636/9044/0949/products/lot-chu-t-kinh-skypad-glass-3-0-xl-white-cloud-logo-38157157630197.jpg?v=1677167117&width=1600, https://cdn.shopify.com/s/files/1/0636/9044/0949/products/hqdefault_59ccd231-0fd0-4c17-9ecc-efcf7401b549.jpg?v=1678761949&width=480]","Đế poron vừa chống trượt hoàn hảo, vừa tạo độ mềm vừa phải giúp tăng stopping power (khả năng dừng chuột tức thời) sau mỗi cú flick chuột.","SkyPAD - Lót chuột cứng tốt nhất phải làm từ kính cường lực","Đến từ vùng Scandinavian Đan Mạch, SkyPAD là dòng lót chuột được làm từ kính cường lực với bề mặt được ""đốt"" vân control nhằm đảm bảo cả hai tiêu chí: Tốc độ nhưng vẫn có sự kiểm soát khi di chuột. Có thể sử dụng cả chuột quang (optical) và laser. Không bị ẩm, không thấm hút mồ hôi tay. Không bắt bụi. Không bao giờ mài mòn, mất vân. Tốc độ di chuột nhanh hơn bất kỳ dòng lót chuột nào. Vệ sinh nhanh hơn bất kỳ loại lót chuột nào: nước lau kính + khăn khô. Bất tử, gần như không thể bị mòn trong quá trình sử dụng. Lưu ý: Không nên sử dụng feet chuột thủy tinh trên lót chuột kính.","{Tương thích feet=Feet mềm (PTFE), Chất liệu bề mặt=Kính cường lực, Chất liệu đế=Cao su chống trượt, Kích thước=40 x 50 x 0.36cm, Thương hiệu=SkyPAD  Designed in Denmark}","{Siêu bền=Không mòn, không cần thay thế, 30 giây=Vệ sinh lót chuột trong chớp mắt, Thủy tinh=Kính cường lực siêu bền}"
"Lót chuột Lethal Gaming Gear Saturn","Lethal Gaming Gear","715000","korea","","[https://cdn.shopify.com/s/files/1/0636/9044/0949/products/lot-chu-t-lethal-gaming-gear-saturn-38877611163893.jpg?v=1677133100&width=1100, https://cdn.shopify.com/s/files/1/0636/9044/0949/products/lot-chu-t-lethal-gaming-gear-saturn-38288616915189.jpg?v=1677166922&width=521, https://cdn.shopify.com/s/files/1/0636/9044/0949/products/lot-chu-t-lethal-gaming-gear-saturn-38288616980725.jpg?v=1677166925&width=670, https://cdn.shopify.com/s/files/1/0636/9044/0949/products/lot-chu-t-lethal-gaming-gear-saturn-38877605986549.jpg?v=1677128582&width=1100, https://cdn.shopify.com/s/files/1/0636/9044/0949/products/lot-chu-t-lethal-gaming-gear-saturn-38877610541301.jpg?v=1677133095&width=486, https://cdn.shopify.com/s/files/1/0636/9044/0949/products/lot-chu-t-lethal-gaming-gear-saturn-38877610508533.jpg?v=1677133097&width=498, https://cdn.shopify.com/s/files/1/0636/9044/0949/products/lot-chu-t-lethal-gaming-gear-saturn-38630163316981.jpg?v=1677166928&width=1600, https://cdn.shopify.com/s/files/1/0636/9044/0949/products/lot-chu-t-lethal-gaming-gear-saturn-38359253450997.jpg?v=1677166742&width=800, https://cdn.shopify.com/s/files/1/0636/9044/0949/products/lot-chu-t-lethal-gaming-gear-saturn-38288618717429.jpg?v=1677166745&width=1200]","Đế poron vừa chống trượt hoàn hảo, vừa tạo độ mềm vừa phải giúp tăng stopping power (khả năng dừng chuột tức thời) sau mỗi cú flick chuột.","Bề mặt vải Polyester cao cấp","Được làm từ vải Polyester chất lượng cao và bằng cách tối ưu hóa mật độ, độ cứng và cách dệt vải giúp lót chuột LGG có nhiều loại bề mặt khác nhau. Nhờ đó, lót chuột LGG phù hợp với từng nhu cầu riêng biệt của bạn như tốc độ cao hay cần sự kiểm soát tuyệt vời. Tất cả đều có trong danh mục sản phẩm của LGG.","{Tương thích feet=Feet mềm (PTFE) Feet cứng (thủy tinh  sapphire), Chất liệu bề mặt=Vải Polyester, Chất liệu đế=Cao su thiên nhiên, Kích thước=XL: 490 x 410 x 4mm / 19.3 x 16.1 x 0.16in XL Square: 500 x 500 x 4mm / 19.7 x 19.7 x 0.16in XXL: 1000 x 500 x 4mm / 39.4 x 19.7 x 0.16in, Thương hiệu=Designed by Lethal Gaming Gear USA Made in Taiwan}","{Control=Loại bề mặt, USA=Thương hiệu Mỹ, Cao su=Chất liệu đế}"
"Lót chuột kính SkyPAD Glass 3.0 - XL (Black - Text Logo)","SkyPAD","2882000","USA","","[https://cdn.shopify.com/s/files/1/0636/9044/0949/products/lot-chu-t-kinh-skypad-glass-3-0-xl-black-text-logo-38157112344821.jpg?v=1677167306&width=1600, https://cdn.shopify.com/s/files/1/0636/9044/0949/products/lot-chu-t-kinh-skypad-glass-3-0-xl-black-text-logo-38157112312053.jpg?v=1677167309&width=1600, https://cdn.shopify.com/s/files/1/0636/9044/0949/products/lot-chu-t-kinh-skypad-glass-3-0-xl-black-text-logo-38157112279285.jpg?v=1677167102&width=1600, https://cdn.shopify.com/s/files/1/0636/9044/0949/products/lot-chu-t-kinh-skypad-glass-3-0-xl-black-text-logo-38157112377589.jpg?v=1677167106&width=1600, https://cdn.shopify.com/s/files/1/0636/9044/0949/products/hqdefault_d577176d-bf01-476c-b472-daa2b2b3573f.jpg?v=1678761946&width=480]","Đế poron vừa chống trượt hoàn hảo, vừa tạo độ mềm vừa phải giúp tăng stopping power (khả năng dừng chuột tức thời) sau mỗi cú flick chuột.","SkyPAD - Lót chuột cứng tốt nhất phải làm từ kính cường lực","Đến từ vùng Scandinavian Đan Mạch, SkyPAD là dòng lót chuột được làm từ kính cường lực với bề mặt được ""đốt"" vân control nhằm đảm bảo cả hai tiêu chí: Tốc độ nhưng vẫn có sự kiểm soát khi di chuột. Có thể sử dụng cả chuột quang (optical) và laser. Không bị ẩm, không thấm hút mồ hôi tay. Không bắt bụi. Không bao giờ mài mòn, mất vân. Tốc độ di chuột nhanh hơn bất kỳ dòng lót chuột nào. Vệ sinh nhanh hơn bất kỳ loại lót chuột nào: nước lau kính + khăn khô. Bất tử, gần như không thể bị mòn trong quá trình sử dụng. Lưu ý: Không nên sử dụng feet chuột thủy tinh trên lót chuột kính.","{Tương thích feet=Feet mềm (PTFE), Chất liệu bề mặt=Kính cường lực, Chất liệu đế=Cao su chống trượt, Kích thước=40 x 50 x 0.36cm, Thương hiệu=SkyPAD  Designed in Denmark}","{Siêu bền=Không mòn, không cần thay thế, 30 giây=Vệ sinh lót chuột trong chớp mắt, Thủy tinh=Kính cường lực siêu bền}"
"Lót chuột Glorious Stitch Cloth Black - Large đến 3XL","Glorious","297000","denmark","","[https://cdn.shopify.com/s/files/1/0636/9044/0949/products/lot-chu-t-glorious-stitch-cloth-black-large-d-n-3xl-37010436948213.jpg?v=1677169454&width=1000, https://cdn.shopify.com/s/files/1/0636/9044/0949/products/lot-chu-t-glorious-stitch-cloth-black-large-d-n-3xl-37010436980981.jpg?v=1677169457&width=1000, https://cdn.shopify.com/s/files/1/0636/9044/0949/products/lot-chu-t-glorious-stitch-cloth-black-large-d-n-3xl-37010437013749.jpg?v=1677168903&width=1000, https://cdn.shopify.com/s/files/1/0636/9044/0949/products/lot-chu-t-glorious-stitch-cloth-black-large-d-n-3xl-37010437046517.jpg?v=1677168905&width=1000, https://cdn.shopify.com/s/files/1/0636/9044/0949/products/lot-chu-t-glorious-stitch-cloth-black-large-d-n-3xl-37010437079285.jpg?v=1677168908&width=1000, https://cdn.shopify.com/s/files/1/0636/9044/0949/products/lot-chu-t-glorious-stitch-cloth-black-large-d-n-3xl-37010437112053.jpg?v=1677168721&width=1000, https://cdn.shopify.com/s/files/1/0636/9044/0949/products/lot-chu-t-glorious-stitch-cloth-black-large-d-n-3xl-37010437144821.jpg?v=1677168724&width=1000, https://cdn.shopify.com/s/files/1/0636/9044/0949/products/lot-chu-t-glorious-stitch-cloth-black-large-d-n-3xl-37010437177589.jpg?v=1677168728&width=1000, https://cdn.shopify.com/s/files/1/0636/9044/0949/products/lot-chu-t-glorious-stitch-cloth-black-large-d-n-3xl-37010437210357.jpg?v=1677168545&width=1000]","Đế poron vừa chống trượt hoàn hảo, vừa tạo độ mềm vừa phải giúp tăng stopping power (khả năng dừng chuột tức thời) sau mỗi cú flick chuột.","Bo viền - Siêu bền - Dễ vệ sinh","Lót chuột Glorious Stitch Cloth là dòng sản phẩm duy nhất trên thị trường có thể tự tin giặt bằng máy giặt mà không lo làm hư hại đến lót chuột. Bề mặt cân bằng giữa Speed - Control phù hợp với mọi loại chuột, feet chuột cũng như bảo vệ bộ feet chuột hàng hiệu của bạn khỏi các hư hỏng không đáng có. Ngoài ra viền được may cẩn thận giúp tăng tuổi thọ của lót chuột Glorious Stitch Cloth lên nhiều lần.","{Tương thích feet=Feet mềm (PTFE) Feet cứng (thủy tinh  sapphire), Chất liệu bề mặt=Vải, Chất liệu đế=Cao su thiên nhiên, Kích thước=Large: 330 x 280 x 2mm XL: 460 x 410 x 3mm XL Heavy: 460 x 410 x 5mm XL Extended: 610 x 360 x 3mm Extended: 910 x 280 x 3mm XXL: 910 x 460 x 3mm 3XL: 1220 x 610 x 3mm, Thương hiệu=Designed by Glorious}","{Bo viền=Chống bong tróc 360 độ, Cloth=Chất liệu vải truyền thống, Balance=Cân bằng giữa tốc độ - Control}"
"Lót chuột Steelseries Qck Mini","Steelseries","175000","denmark","","[https://cdn.shopify.com/s/files/1/0636/9044/0949/products/lot-chu-t-glorious-elements-air-mouse-pad-xl-37010435834101.png?v=1677169275&width=700]","Đế poron vừa chống trượt hoàn hảo, vừa tạo độ mềm vừa phải giúp tăng stopping power (khả năng dừng chuột tức thời) sau mỗi cú flick chuột.","Bề mặt vải Polyester cao cấp","Được thiết kế tập trung vào độ control, dừng chuột và tracking. Mặt vải mềm trung tính phù hợp và dễ làm quen trong nhiều nhu cầu sử dụng.","{Loại bề mặt=Control, Tương thích sạc không dây=Poron, Chất liệu đế=Poron}","{Control=Loại bề mặt, CẢM BIẾN HERO 25K=Độ chính xác tiên tiến, Poron=Chất liệu đế}"
"Lót chuột kính SkyPAD Glass 3.0 - XL (Black - Cloud Logo)","SkyPAD","2882000","USA","","[https://cdn.shopify.com/s/files/1/0636/9044/0949/products/lot-chu-t-kinh-skypad-glass-3-0-xl-black-cloud-logo-38157095305461.jpg?v=1677168009&width=1600, https://cdn.shopify.com/s/files/1/0636/9044/0949/products/lot-chu-t-kinh-skypad-glass-3-0-xl-black-cloud-logo-38157095272693.jpg?v=1677168011&width=1600, https://cdn.shopify.com/s/files/1/0636/9044/0949/products/lot-chu-t-kinh-skypad-glass-3-0-xl-black-cloud-logo-38157095370997.jpg?v=1677167300&width=1600, https://cdn.shopify.com/s/files/1/0636/9044/0949/products/lot-chu-t-kinh-skypad-glass-3-0-xl-black-cloud-logo-38157095403765.jpg?v=1677167303&width=1600, https://cdn.shopify.com/s/files/1/0636/9044/0949/products/hqdefault_93cf0b51-1e2c-497a-9ee0-8cf6944e5abc.jpg?v=1678761945&width=480]","Đế poron vừa chống trượt hoàn hảo, vừa tạo độ mềm vừa phải giúp tăng stopping power (khả năng dừng chuột tức thời) sau mỗi cú flick chuột.","SkyPAD - Lót chuột cứng tốt nhất phải làm từ kính cường lực","Đến từ vùng Scandinavian Đan Mạch, SkyPAD là dòng lót chuột được làm từ kính cường lực với bề mặt được ""đốt"" vân control nhằm đảm bảo cả hai tiêu chí: Tốc độ nhưng vẫn có sự kiểm soát khi di chuột. Có thể sử dụng cả chuột quang (optical) và laser. Không bị ẩm, không thấm hút mồ hôi tay. Không bắt bụi. Không bao giờ mài mòn, mất vân. Tốc độ di chuột nhanh hơn bất kỳ dòng lót chuột nào. Vệ sinh nhanh hơn bất kỳ loại lót chuột nào: nước lau kính + khăn khô. Bất tử, gần như không thể bị mòn trong quá trình sử dụng. Lưu ý: Không nên sử dụng feet chuột thủy tinh trên lót chuột kính.","{Tương thích feet=Feet mềm (PTFE), Chất liệu bề mặt=Kính cường lực, Chất liệu đế=Cao su chống trượt, Kích thước=40 x 50 x 0.36cm, Thương hiệu=SkyPAD  Designed in Denmark}","{Siêu bền=Không mòn, không cần thay thế, 30 giây=Vệ sinh lót chuột trong chớp mắt, Thủy tinh=Kính cường lực siêu bền}"
"Lót chuột kính cường lực Pulsar Superglide","Pulsar","2340000","korea","","[https://cdn.shopify.com/s/files/1/0636/9044/0949/products/lot-chu-t-kinh-c-ng-l-c-pulsar-superglide-38815197626613.jpg?v=1680233717&width=1200, https://cdn.shopify.com/s/files/1/0636/9044/0949/products/lot-chu-t-kinh-c-ng-l-c-pulsar-superglide-38815197954293.jpg?v=1680233717&width=1200, https://cdn.shopify.com/s/files/1/0636/9044/0949/products/lot-chu-t-kinh-c-ng-l-c-pulsar-superglide-38815197528309.jpg?v=1680233717&width=1200, https://cdn.shopify.com/s/files/1/0636/9044/0949/products/lot-chu-t-kinh-c-ng-l-c-pulsar-superglide-38815197987061.jpg?v=1680233717&width=1200, https://cdn.shopify.com/s/files/1/0636/9044/0949/products/lot-chu-t-kinh-c-ng-l-c-pulsar-superglide-38815197921525.jpg?v=1680233717&width=1200, https://cdn.shopify.com/s/files/1/0636/9044/0949/products/lot-chu-t-kinh-c-ng-l-c-pulsar-superglide-38815197593845.jpg?v=1680233717&width=1200]","Đế poron vừa chống trượt hoàn hảo, vừa tạo độ mềm vừa phải giúp tăng stopping power (khả năng dừng chuột tức thời) sau mỗi cú flick chuột.","Lót chuột kính cường lực cao cấp","Là sự hòa hợp giữa hiệu năng sử dụng đỉnh cao cùng độ bền vượt trội. Lót chuột kính cường lực Pulsar Superglide sử dụng mặt kính cường lực aluminosiliate cùng vân bề mặt đặc biệt giúp di chuột nhẹ và dừng dễ dàng. Phần đáy được làm từ silicone đúc mật độ cao đảm bảo độ bám tối đa.","{Tương thích feet=Feet mềm (PTFE), Chất liệu bề mặt=Kính cường lực Aluminosilicate, Chất liệu đế=Silicone đúc, Kích thước=XL: 490mm (19.3in) x 420mm(16.5in) x 4mm (0.16in) L: 420mm (16.5in) x 330mm(13in) x 4mm (0.16in), Thương hiệu=Pulsar  Designed in Korea}","{Siêu bền=Gần như không mòn, Siêu nhanh=Lướt chuột gần như không ma sát, Thủy tinh=Kính cường lực Aluminosilicate}"
"Lót chuột đế Xsoft Lethal Gaming Gear Venus PRO","Lethal Gaming Gear","1452000","USA","","[https://cdn.shopify.com/s/files/1/0636/9044/0949/products/lot-chu-t-d-xsoft-lethal-gaming-gear-venus-pro-38625459208437.jpg?v=1677162431&width=631, https://cdn.shopify.com/s/files/1/0636/9044/0949/products/lot-chu-t-d-xsoft-lethal-gaming-gear-venus-pro-38288633856245.jpg?v=1677162434&width=1000, https://cdn.shopify.com/s/files/1/0636/9044/0949/products/lot-chu-t-d-xsoft-lethal-gaming-gear-venus-pro-38288633823477.jpg?v=1677162437&width=1000, https://cdn.shopify.com/s/files/1/0636/9044/0949/products/lot-chu-t-d-xsoft-lethal-gaming-gear-venus-pro-38874772340981.jpg?v=1677162439&width=631, https://cdn.shopify.com/s/files/1/0636/9044/0949/products/lot-chu-t-d-xsoft-lethal-gaming-gear-venus-pro-38874772308213.jpg?v=1677162604&width=960, https://cdn.shopify.com/s/files/1/0636/9044/0949/products/lot-chu-t-d-xsoft-lethal-gaming-gear-venus-pro-38874772406517.jpg?v=1677162607&width=960, https://cdn.shopify.com/s/files/1/0636/9044/0949/products/hqdefault_714c9862-68fe-4d20-ad57-f7cf4e7e4a6d.jpg?v=1678762105&width=480]","Đế poron vừa chống trượt hoàn hảo, vừa tạo độ mềm vừa phải giúp tăng stopping power (khả năng dừng chuột tức thời) sau mỗi cú flick chuột.","Bề mặt vải Polyester cao cấp","Được làm từ vải Polyester chất lượng cao và bằng cách tối ưu hóa mật độ, độ cứng và cách dệt vải giúp lót chuột LGG có nhiều loại bề mặt khác nhau. Nhờ đó, lót chuột LGG phù hợp với từng nhu cầu riêng biệt của bạn như tốc độ cao hay cần sự kiểm soát tuyệt vời. Tất cả đều có trong danh mục sản phẩm của LGG.","{Tương thích feet=Feet mềm (PTFE) Feet cứng (thủy tinh  sapphire), Chất liệu bề mặt=Vải Polyester, Chất liệu đế=Authentic Japanese Poron - Xsoft, Kích thước=XL: 490 x 410 x 3.5mm XL Square: 500 x 500 x 3.5mm, Thương hiệu=Designed by Lethal Gaming Gear USA Made in Taiwan}","{USA=Thương hiệu Mỹ, Hybrid=Loại bề mặt, Poron=Chất liệu đế}"
"Lót chuột Glorious Elements ICE Mouse Pad - XL","Glorious","473000","korea","","[https://cdn.shopify.com/s/files/1/0636/9044/0949/products/lot-chu-t-glorious-elements-air-mouse-pad-xl-37010435834101.png?v=1677169275&width=700]","Đế poron vừa chống trượt hoàn hảo, vừa tạo độ mềm vừa phải giúp tăng stopping power (khả năng dừng chuột tức thời) sau mỗi cú flick chuột.","Bề mặt vải Polyester cao cấp","Được thiết kế tập trung vào độ control, dừng chuột và tracking. Mặt vải mềm trung tính phù hợp và dễ làm quen trong nhiều nhu cầu sử dụng.","{Loại bề mặt=Control, Tương thích sạc không dây=Poron, Chất liệu đế=Poron}","{Control=Loại bề mặt, CẢM BIẾN HERO 25K=Độ chính xác tiên tiến, Poron=Chất liệu đế}"
"Lót chuột Lethal Gaming Gear Venus","Lethal Gaming Gear","1320000","korea","","[https://cdn.shopify.com/s/files/1/0636/9044/0949/products/lot-chu-t-lethal-gaming-gear-venus-38703480865013.jpg?v=1677166749&width=1600, https://cdn.shopify.com/s/files/1/0636/9044/0949/products/lot-chu-t-lethal-gaming-gear-venus-38687154831605.jpg?v=1677166751&width=1600, https://cdn.shopify.com/s/files/1/0636/9044/0949/products/lot-chu-t-lethal-gaming-gear-venus-38687154766069.jpg?v=1677166755&width=1600, https://cdn.shopify.com/s/files/1/0636/9044/0949/products/lot-chu-t-lethal-gaming-gear-venus-38687154602229.jpg?v=1677166757&width=1600, https://cdn.shopify.com/s/files/1/0636/9044/0949/products/lot-chu-t-lethal-gaming-gear-venus-38687154634997.jpg?v=1677166563&width=1600]","Đế poron vừa chống trượt hoàn hảo, vừa tạo độ mềm vừa phải giúp tăng stopping power (khả năng dừng chuột tức thời) sau mỗi cú flick chuột.","Bề mặt vải Polyester cao cấp","Được làm từ vải Polyester chất lượng cao và bằng cách tối ưu hóa mật độ, độ cứng và cách dệt vải giúp lót chuột LGG có nhiều loại bề mặt khác nhau. Nhờ đó, lót chuột LGG phù hợp với từng nhu cầu riêng biệt của bạn như tốc độ cao hay cần sự kiểm soát tuyệt vời. Tất cả đều có trong danh mục sản phẩm của LGG.","{Tương thích feet=Feet mềm (PTFE) Feet cứng (thủy tinh  sapphire), Chất liệu bề mặt=Vải Polyester, Chất liệu đế=Cao su thiên nhiên, Kích thước=XL: 490 x 410 x 4mm / 19.3 x 16.1 x 0.16in XL Square: 500 x 500 x 4mm / 19.7 x 19.7 x 0.16in XXL: 1000 x 500 x 4mm / 39.4 x 19.7 x 0.16in, Thương hiệu=Designed by Lethal Gaming Gear USA Made in Taiwan}","{USA=Thương hiệu Mỹ, Hybrid=Loại bề mặt, Cao su=Chất liệu đế}"
"Lót chuột Glorious Elements AIR Mouse Pad - XL","Glorious","660000","denmark","","[https://cdn.shopify.com/s/files/1/0636/9044/0949/products/lot-chu-t-glorious-elements-air-mouse-pad-xl-37010435834101.png?v=1677169275&width=700]","Đế poron vừa chống trượt hoàn hảo, vừa tạo độ mềm vừa phải giúp tăng stopping power (khả năng dừng chuột tức thời) sau mỗi cú flick chuột.","Bề mặt vải Polyester cao cấp","Được thiết kế tập trung vào độ control, dừng chuột và tracking. Mặt vải mềm trung tính phù hợp và dễ làm quen trong nhiều nhu cầu sử dụng.","{Loại bề mặt=Control, Tương thích sạc không dây=Poron, Chất liệu đế=Poron}","{Control=Loại bề mặt, CẢM BIẾN HERO 25K=Độ chính xác tiên tiến, Poron=Chất liệu đế}"
"Lót chuột kính SkyPAD Glass 3.0 (Black - Cloud Logo)","SkyPAD","2387000","denmark","","[https://cdn.shopify.com/s/files/1/0636/9044/0949/products/lot-chu-t-kinh-skypad-glass-3-0-black-cloud-logo-38156992774389.jpg?v=1677167646&width=1600, https://cdn.shopify.com/s/files/1/0636/9044/0949/products/lot-chu-t-kinh-skypad-glass-3-0-black-cloud-logo-38156992807157.jpg?v=1677167649&width=1600, https://cdn.shopify.com/s/files/1/0636/9044/0949/products/lot-chu-t-kinh-skypad-glass-3-0-black-cloud-logo-38156992839925.jpg?v=1677167652&width=1600, https://cdn.shopify.com/s/files/1/0636/9044/0949/products/hqdefault_e289e3d0-4bfa-465c-8b25-b379b0ec6563.jpg?v=1678761939&width=480]","Đế poron vừa chống trượt hoàn hảo, vừa tạo độ mềm vừa phải giúp tăng stopping power (khả năng dừng chuột tức thời) sau mỗi cú flick chuột.","SkyPAD - Lót chuột cứng tốt nhất phải làm từ kính cường lực","Đến từ vùng Scandinavian Đan Mạch, SkyPAD là dòng lót chuột được làm từ kính cường lực với bề mặt được ""đốt"" vân control nhằm đảm bảo cả hai tiêu chí: Tốc độ nhưng vẫn có sự kiểm soát khi di chuột. Có thể sử dụng cả chuột quang (optical) và laser. Không bị ẩm, không thấm hút mồ hôi tay. Không bắt bụi. Không bao giờ mài mòn, mất vân. Tốc độ di chuột nhanh hơn bất kỳ dòng lót chuột nào. Vệ sinh nhanh hơn bất kỳ loại lót chuột nào: nước lau kính + khăn khô. Bất tử, gần như không thể bị mòn trong quá trình sử dụng. Lưu ý: Không nên sử dụng feet chuột thủy tinh trên lót chuột kính.","{Tương thích feet=Feet mềm (PTFE), Chất liệu bề mặt=Kính cường lực, Chất liệu đế=Cao su chống trượt, Kích thước=30 x 35 x 0.36cm, Thương hiệu=SkyPAD  Designed in Denmark}","{Siêu bền=Không mòn, không cần thay thế, 30 giây=Vệ sinh lót chuột trong chớp mắt, Thủy tinh=Kính cường lực siêu bền}"
